City_ID,City,Country,Date,Lat,Lng,Max Temp,Humidity,Cloudiness,Wind Speed
0,Altamira,BR,2022-12-08 20:52:28,-3.2033,-52.2064,91.49,52,20,2.3
1,Vaini,TO,2022-12-08 20:52:28,-21.2,-175.2,84.36,79,40,12.66
2,Hobart,AU,2022-12-08 20:50:38,-42.8794,147.3294,52.05,76,20,13.8
3,Busselton,AU,2022-12-08 20:52:29,-33.65,115.3333,53.11,78,48,5.73
4,Castro,BR,2022-12-08 20:52:29,-24.7911,-50.0119,73.11,77,54,6.08
5,Paso De Carrasco,UY,2022-12-08 20:52:30,-34.8603,-56.0522,90.05,45,0,12.66
6,Hilo,US,2022-12-08 20:52:30,19.7297,-155.09,78.53,84,100,8.05
7,Muros,ES,2022-12-08 20:52:31,42.7762,-9.0603,56.08,94,100,6.91
8,Jamestown,US,2022-12-08 20:51:27,42.097,-79.2353,42.03,60,100,1.99
9,Thompson,CA,2022-12-08 20:52:32,55.7435,-97.8558,-14.64,70,40,3.44
10,Terney,RU,2022-12-08 20:52:32,45.0503,136.6092,15.46,76,19,5.5
11,Lompoc,US,2022-12-08 20:52:32,34.6391,-120.4579,61.7,64,0,5.75
12,Suntar,RU,2022-12-08 20:52:33,62.1444,117.6319,-41.22,100,66,2.04
13,Narsaq,GL,2022-12-08 20:52:33,60.9167,-46.05,19.94,73,100,7.23
14,Yellowknife,CA,2022-12-08 20:52:34,62.456,-114.3525,-8.45,84,100,19.57
15,Vardo,NO,2022-12-08 20:52:34,70.3705,31.1107,31.98,69,75,33.38
16,Torbay,CA,2022-12-08 20:52:34,47.6666,-52.7314,39.76,97,100,9.22
17,Deputatskiy,RU,2022-12-08 20:52:35,69.3,139.9,-39.73,98,38,4.5
18,Cayenne,GF,2022-12-08 20:51:51,4.9333,-52.3333,82.44,74,75,3.44
19,Sorong,ID,2022-12-08 20:49:05,-0.8833,131.25,77.34,87,43,5.21
20,Serik,TR,2022-12-08 20:52:36,36.9169,31.0989,56.75,78,56,2.8
21,Mehamn,NO,2022-12-08 20:52:36,71.0357,27.8492,30.15,69,75,16.11
22,East London,ZA,2022-12-08 20:52:37,-33.0153,27.9116,74.3,95,99,20.71
23,Saldanha,ZA,2022-12-08 20:52:37,-33.0117,17.9442,66.45,88,19,6.98
24,Punta Arenas,CL,2022-12-08 20:52:38,-53.15,-70.9167,51.91,54,20,14.97
25,Airai,TL,2022-12-08 20:52:38,-8.9266,125.4092,58.01,87,77,2.1
26,Ushuaia,AR,2022-12-08 20:52:39,-54.8,-68.3,47.86,66,75,6.91
27,Athabasca,CA,2022-12-08 20:51:22,54.7169,-113.2854,12.61,84,99,8.1
28,San Quintin,MX,2022-12-08 20:52:39,30.4833,-115.95,61.48,52,99,13.27
29,Jurado,CO,2022-12-08 20:52:40,7.1053,-77.7641,79.7,78,68,5.68
30,Bengkulu,ID,2022-12-08 20:49:20,-3.8004,102.2655,74.8,89,100,6.15
31,Mataura,NZ,2022-12-08 20:52:40,-46.1927,168.8643,63.48,65,100,0.11
32,Avarua,CK,2022-12-08 20:52:41,-21.2078,-159.775,82.45,83,20,6.91
33,Ribeira Grande,PT,2022-12-08 20:52:41,38.5167,-28.7,59.77,82,20,13.8
34,Barrow,US,2022-12-08 20:52:42,71.2906,-156.7887,10.42,85,100,8.05
35,Port Elizabeth,ZA,2022-12-08 20:52:42,-33.918,25.5701,76.1,97,100,17.27
36,Udachnyy,RU,2022-12-08 20:52:43,66.4167,112.4,-26.55,67,100,5.32
37,Balakliya,UA,2022-12-08 20:52:43,49.4627,36.8595,34.16,95,100,10.36
38,Atuona,PF,2022-12-08 20:52:43,-9.8,-139.0333,77.79,67,87,14.67
39,Qaanaaq,GL,2022-12-08 20:52:44,77.484,-69.3632,11.55,69,100,7.47
40,Kahului,US,2022-12-08 20:52:44,20.8947,-156.47,80.83,75,20,24.16
41,Elblag,PL,2022-12-08 20:52:45,54.1522,19.4088,34.97,97,100,9.93
42,Cherskiy,RU,2022-12-08 20:52:45,68.75,161.3,-22.07,89,38,5.48
43,Albany,US,2022-12-08 20:49:48,42.6001,-73.9662,45.63,68,83,7.72
44,Berlevag,NO,2022-12-08 20:52:46,70.8578,29.0864,30.2,59,75,25.32
45,Novaya Bryan,RU,2022-12-08 20:53:46,51.7159,108.2691,11.23,81,100,13.91
46,Itarema,BR,2022-12-08 20:53:47,-2.9248,-39.9167,79.9,75,76,15.77
47,Hermanus,ZA,2022-12-08 20:53:47,-34.4187,19.2345,71.8,82,35,12.75
48,Tasiilaq,GL,2022-12-08 20:53:48,65.6145,-37.6368,11.62,63,39,4.79
49,Puerto Ayora,EC,2022-12-08 20:53:48,-0.7393,-90.3518,84.16,85,56,7.0
50,Beringovskiy,RU,2022-12-08 20:53:49,63.05,179.3167,10.85,96,88,5.06
51,New Norfolk,AU,2022-12-08 20:53:49,-42.7826,147.0587,51.71,70,78,3.4
52,Jalu,LY,2022-12-08 20:53:49,29.0331,21.5482,62.94,43,0,7.29
53,Kapaa,US,2022-12-08 20:50:48,22.0752,-159.319,80.92,72,75,16.11
54,Port Alfred,ZA,2022-12-08 20:53:50,-33.5906,26.891,73.18,95,100,7.0
55,Tocopilla,CL,2022-12-08 20:53:50,-22.092,-70.1979,68.56,69,88,3.58
56,Hobyo,SO,2022-12-08 20:53:51,5.3505,48.5268,79.11,79,94,13.71
57,Talnakh,RU,2022-12-08 20:53:51,69.4865,88.3972,-2.79,97,99,2.51
58,Leningradskiy,RU,2022-12-08 20:53:52,69.3833,178.4167,-18.15,91,19,3.96
59,Mount Gambier,AU,2022-12-08 20:53:52,-37.8333,140.7667,51.15,65,99,3.27
60,Muroto,JP,2022-12-08 20:53:53,33.2833,134.15,55.33,60,2,6.53
61,Abasolo,MX,2022-12-08 20:51:36,20.45,-101.5167,78.03,14,0,4.92
62,Cape Town,ZA,2022-12-08 20:52:03,-33.9258,18.4232,77.41,60,0,11.99
63,George,ZA,2022-12-08 20:53:54,-33.963,22.4617,67.55,94,75,3.44
64,Rikitea,PF,2022-12-08 20:53:54,-23.1203,-134.9692,75.22,78,54,14.99
65,Cuamba,MZ,2022-12-08 20:53:55,-14.8031,36.5372,73.56,79,92,2.48
66,Kudahuvadhoo,MV,2022-12-08 20:53:55,2.6708,72.8944,81.07,82,100,15.37
67,General Teran,MX,2022-12-08 20:53:56,25.2667,-99.6833,86.79,33,0,7.85
68,Kalakamati,BW,2022-12-08 20:53:56,-20.5929,27.3121,69.31,74,100,12.59
69,Grindavik,IS,2022-12-08 20:53:57,63.8424,-22.4338,30.67,64,75,23.02
70,Bluff,NZ,2022-12-08 20:53:57,-46.6,168.3333,63.81,81,100,1.39
71,Matoury,GF,2022-12-08 20:53:58,4.8483,-52.3317,82.36,74,75,3.44
72,Lavrentiya,RU,2022-12-08 20:53:58,65.5833,-171.0,7.83,83,97,6.38
73,Touros,BR,2022-12-08 20:53:15,-5.1989,-35.4608,79.02,78,100,13.2
74,Vilkija,LT,2022-12-08 20:53:59,55.05,23.5833,31.93,95,100,12.75
75,Harlingen,US,2022-12-08 20:51:00,26.1906,-97.6961,84.29,71,20,19.57
76,Batagay-Alyta,RU,2022-12-08 20:53:59,67.8006,130.4114,-17.72,99,100,2.46
77,Esperance,AU,2022-12-08 20:54:00,-33.8667,121.9,61.99,91,0,7.38
78,Pisco,PE,2022-12-08 20:54:00,-13.7,-76.2167,70.02,78,40,9.22
79,Georgetown,MY,2022-12-08 20:51:25,5.4112,100.3354,78.89,90,20,3.44
80,Sochi,RU,2022-12-08 20:54:01,43.6,39.7303,46.49,60,100,4.56
81,Faanui,PF,2022-12-08 20:54:01,-16.4833,-151.75,80.78,75,100,14.29
82,Khatanga,RU,2022-12-08 20:54:02,71.9667,102.5,-17.59,93,100,1.68
83,West Bay,KY,2022-12-08 20:54:02,19.3667,-81.4167,84.27,62,20,18.41
84,Brae,GB,2022-12-08 20:54:03,60.3964,-1.353,41.58,72,99,24.87
85,Alihe,CN,2022-12-08 20:54:03,50.5667,123.7167,-11.54,99,28,3.6
86,Bethel,US,2022-12-08 20:52:56,41.3712,-73.414,50.76,55,75,9.22
87,Santo Domingo,DO,2022-12-08 20:54:04,18.5001,-69.9886,79.03,73,40,11.5
88,Dingle,PH,2022-12-08 20:55:04,10.9995,122.6711,74.55,96,100,4.52
89,Bredasdorp,ZA,2022-12-08 20:55:05,-34.5322,20.0403,69.75,82,87,13.04
90,Santa Lucia,ES,2022-12-08 20:52:38,27.9117,-15.5407,62.94,82,40,3.44
91,Sola,VU,2022-12-08 20:55:05,-13.8833,167.55,82.13,74,100,10.04
92,Clemmons,US,2022-12-08 20:55:06,36.0215,-80.382,62.65,85,98,3.0
93,Padang,ID,2022-12-08 20:55:06,-0.9492,100.3543,75.52,87,100,3.53
94,Hualmay,PE,2022-12-08 20:55:07,-11.0964,-77.6139,70.14,74,100,9.69
95,Saskylakh,RU,2022-12-08 20:55:07,71.9167,114.0833,-7.19,97,100,13.82
96,Tuktoyaktuk,CA,2022-12-08 20:55:07,69.4541,-133.0374,-23.8,69,20,9.22
97,La Puebla Del Rio,ES,2022-12-08 20:55:08,37.2679,-6.0626,60.87,89,100,11.65
98,Waynesville,US,2022-12-08 20:55:08,35.4887,-82.9887,60.21,93,94,1.99
99,Axim,GH,2022-12-08 20:55:09,4.8699,-2.2405,79.38,83,5,8.03
100,Upernavik,GL,2022-12-08 20:55:09,72.7868,-56.1549,31.01,70,100,10.45
101,Broken Hill,AU,2022-12-08 20:55:10,-31.95,141.4333,58.77,39,97,12.77
102,Nikolskoye,RU,2022-12-08 20:55:10,59.7035,30.7861,30.09,84,100,12.53
103,Saint George,US,2022-12-08 20:54:10,37.1041,-113.5841,49.42,62,0,3.0
104,Fuling,CN,2022-12-08 20:55:11,29.7022,107.3919,50.27,75,100,1.57
105,Kirovskiy,RU,2022-12-08 20:55:12,45.0917,133.5136,8.17,96,34,4.12
106,Bocas Del Toro,PA,2022-12-08 20:55:12,9.3333,-82.25,80.82,65,28,6.67
107,Anito,PH,2022-12-08 20:55:12,12.4497,125.2886,76.01,91,100,3.13
108,Krasnovishersk,RU,2022-12-08 20:55:13,60.4078,57.082,5.32,95,94,5.91
109,Las Palmas,ES,2022-12-08 20:55:13,28.4204,-14.0131,68.79,78,40,5.75
110,Lorengau,PG,2022-12-08 20:55:14,-2.0226,147.2712,81.07,81,100,9.13
111,Kodiak,US,2022-12-08 20:55:14,57.79,-152.4072,28.36,68,1,15.23
112,Balkhash,KZ,2022-12-08 20:55:15,46.844,74.9804,3.16,96,96,5.06
113,Paamiut,GL,2022-12-08 20:55:15,61.994,-49.6678,25.43,74,100,10.31
114,Ghatanji,IN,2022-12-08 20:55:15,20.1333,78.3167,59.23,44,100,6.6
115,Katsuura,JP,2022-12-08 20:55:16,35.1333,140.3,53.37,77,100,10.87
116,Clyde River,CA,2022-12-08 20:55:17,70.4692,-68.5914,7.03,85,40,4.61
117,Benguela,AO,2022-12-08 20:55:17,-12.5763,13.4055,77.41,80,100,2.26
118,Najran,SA,2022-12-08 20:55:18,17.4924,44.1277,63.25,32,6,3.49
119,Formiga,BR,2022-12-08 20:55:18,-20.4644,-45.4264,75.04,64,17,5.53
120,Wagar,SD,2022-12-08 20:55:18,16.1525,36.2032,73.54,75,0,18.59
121,Lebu,CL,2022-12-08 20:54:03,-37.6167,-73.65,63.68,82,94,10.22
122,Isangel,VU,2022-12-08 20:52:47,-19.55,169.2667,82.74,71,39,2.35
123,Guerrero Negro,MX,2022-12-08 20:55:19,27.9769,-114.0611,67.84,49,54,15.17
124,Ust-Kishert,RU,2022-12-08 20:55:20,57.3654,57.2495,0.68,91,22,9.44
125,Kambove,CD,2022-12-08 20:55:20,-10.8764,26.5969,61.41,97,74,2.33
126,Jinji,CN,2022-12-08 20:55:20,23.2281,110.8261,55.02,80,87,2.77
127,Okha,RU,2022-12-08 20:55:21,53.5739,142.9478,-1.44,89,13,11.18
128,Petropavlovsk-Kamchatskiy,RU,2022-12-08 20:55:21,53.0452,158.6483,7.39,85,75,6.71
129,Malaya Vishera,RU,2022-12-08 20:55:22,58.8454,32.2222,29.95,86,99,12.1
130,Cairns,AU,2022-12-08 20:55:22,-16.9167,145.7667,75.15,88,76,2.3
131,Ndjole,GA,2022-12-08 20:55:23,-0.1783,10.7649,74.5,94,100,2.53
132,Victoria,HK,2022-12-08 20:55:23,22.2855,114.1577,65.32,80,0,8.01
133,Waingapu,ID,2022-12-08 20:55:24,-9.6567,120.2641,77.77,77,38,3.56
134,Bambous Virieux,MU,2022-12-08 20:55:24,-20.3428,57.7575,77.25,78,75,12.66
135,Mar Del Plata,AR,2022-12-08 20:51:04,-38.0023,-57.5575,82.83,35,0,13.8
136,Dikson,RU,2022-12-08 20:56:25,73.5069,80.5464,-0.62,94,97,17.83
137,Salcininkai,LT,2022-12-08 20:56:25,54.3,25.3833,28.49,95,100,12.21
138,Geraldton,AU,2022-12-08 20:56:26,-28.7667,114.6,64.81,63,100,8.05
139,Narrabri,AU,2022-12-08 20:56:26,-30.3167,149.7833,59.52,61,84,5.01
140,Eureka,US,2022-12-08 20:53:30,40.8021,-124.1637,47.68,92,100,7.0
141,Carnarvon,AU,2022-12-08 20:54:55,-24.8667,113.6333,68.04,69,56,15.39
142,Xai-Xai,MZ,2022-12-08 20:55:10,-25.0519,33.6442,75.94,90,13,9.93
143,Kavaratti,IN,2022-12-08 20:56:27,10.5669,72.642,82.11,68,100,12.57
144,Chuy,UY,2022-12-08 20:56:28,-33.6971,-53.4616,82.42,55,0,10.11
145,Pevek,RU,2022-12-08 20:56:28,69.7008,170.3133,-17.82,95,85,2.84
146,Saint-Augustin,CA,2022-12-08 20:56:28,51.226,-58.6502,34.83,89,100,8.12
147,Hithadhoo,MV,2022-12-08 20:56:29,-0.6,73.0833,82.2,77,100,17.98
148,Carutapera,BR,2022-12-08 20:56:29,-1.195,-46.02,80.73,74,71,7.09
149,Cabo San Lucas,MX,2022-12-08 20:55:51,22.8909,-109.9124,85.6,57,57,6.6
150,Cockburn Town,TC,2022-12-08 20:51:52,21.4612,-71.1419,77.61,70,18,18.25
151,Dongsheng,CN,2022-12-08 20:56:30,39.8161,109.9776,20.8,41,2,6.42
152,Merrill,US,2022-12-08 20:56:30,45.1805,-89.6835,33.58,69,0,3.44
153,Luganville,VU,2022-12-08 20:56:31,-15.5333,167.1667,83.19,75,100,5.35
154,Pozo Colorado,PY,2022-12-08 20:56:31,-23.4923,-58.7972,104.7,24,83,8.66
155,Baoqing,CN,2022-12-08 20:56:32,46.3317,132.2111,8.85,90,17,5.28
156,Pacific Grove,US,2022-12-08 20:56:32,36.6177,-121.9166,58.06,75,100,13.0
157,Port Augusta,AU,2022-12-08 20:56:33,-32.5,137.7667,66.02,37,100,5.7
158,Foki,RU,2022-12-08 20:56:33,56.693,54.3499,-3.66,96,16,5.08
159,Senneterre,CA,2022-12-08 20:56:34,48.3835,-77.2328,6.01,95,10,0.4
160,Nabire,ID,2022-12-08 20:55:11,-3.3667,135.4833,76.12,85,99,3.06
161,Hasaki,JP,2022-12-08 20:56:34,35.7333,140.8333,42.22,70,100,11.21
162,Ilulissat,GL,2022-12-08 20:56:35,69.2167,-51.1,34.56,73,100,5.93
163,Nuuk,GL,2022-12-08 20:56:35,64.1835,-51.7216,36.88,51,100,35.99
164,Tiksi,RU,2022-12-08 20:56:35,71.6872,128.8694,-8.77,100,100,1.39
165,Saint-Philippe,RE,2022-12-08 20:52:16,-21.3585,55.7679,76.59,85,27,11.41
166,Arraial Do Cabo,BR,2022-12-08 20:56:36,-22.9661,-42.0278,76.96,78,0,12.66
167,Port Lincoln,AU,2022-12-08 20:56:37,-34.7333,135.8667,59.4,70,96,16.98
168,Codrington,AU,2022-12-08 20:56:37,-38.2667,141.9667,54.57,59,100,5.84
169,Prado,BR,2022-12-08 20:56:37,-17.3411,-39.2208,76.23,92,59,11.95
170,Manoel Urbano,BR,2022-12-08 20:56:38,-8.8389,-69.2597,81.75,75,96,5.21
171,Kaeo,NZ,2022-12-08 20:56:38,-35.1,173.7833,68.16,95,100,4.88
172,Meulaboh,ID,2022-12-08 20:56:39,4.1363,96.1285,75.18,88,100,6.8
173,Iqaluit,CA,2022-12-08 20:56:39,63.7506,-68.5145,4.73,71,75,8.05
174,Butaritari,KI,2022-12-08 20:56:39,3.0707,172.7902,81.5,77,96,15.95
175,Hokitika,NZ,2022-12-08 20:56:40,-42.7167,170.9667,55.62,90,100,6.31
176,Narathiwat,TH,2022-12-08 20:56:40,6.3333,101.75,73.54,99,100,0.89
177,Canto Do Buriti,BR,2022-12-08 20:56:41,-8.11,-42.9444,83.86,43,95,2.39
178,Bridlington,GB,2022-12-08 20:56:41,54.0831,-0.1919,38.01,88,84,4.0
179,Kapitanivka,UA,2022-12-08 20:56:42,48.9172,31.7167,34.07,91,88,4.63
180,Manitouwadge,CA,2022-12-08 20:56:42,49.1215,-85.8403,23.13,86,79,9.62
181,Khuzhir,RU,2022-12-08 20:56:43,53.1939,107.3397,14.04,66,100,13.18
182,Kruisfontein,ZA,2022-12-08 20:56:43,-34.0033,24.7314,73.89,92,43,10.11
183,Severo-Kurilsk,RU,2022-12-08 20:56:43,50.6789,156.125,23.16,60,75,11.27
184,Camana,PE,2022-12-08 20:57:44,-16.6228,-72.7111,69.75,77,81,4.72
185,Nago,JP,2022-12-08 20:57:44,26.5881,127.9761,68.43,87,100,21.41
186,Lagoa,PT,2022-12-08 20:57:45,39.05,-27.9833,59.34,73,64,23.0
187,Balatonboglar,HU,2022-12-08 20:57:45,46.7752,17.6441,39.38,86,95,4.12
188,Srednekolymsk,RU,2022-12-08 20:57:45,67.45,153.6833,-45.33,99,62,4.23
189,Chokurdakh,RU,2022-12-08 20:57:46,70.6333,147.9167,-17.27,97,100,6.89
190,Palmer,US,2022-12-08 20:53:32,42.1584,-72.3287,47.75,59,20,13.8
191,Marawi,PH,2022-12-08 20:57:47,7.9986,124.2928,68.63,95,100,0.85
192,Norman Wells,CA,2022-12-08 20:57:47,65.282,-126.8329,-23.76,69,75,0.0
193,Gat,IL,2022-12-08 20:57:48,31.61,34.7642,60.4,75,82,3.78
194,Huarmey,PE,2022-12-08 20:57:48,-10.0681,-78.1522,69.42,77,82,9.17
195,Baft,IR,2022-12-08 20:57:49,29.234,56.6057,42.15,62,38,1.34
196,Mackay,AU,2022-12-08 20:57:49,-21.15,149.2,79.68,75,5,8.03
197,Provideniya,RU,2022-12-08 20:57:49,64.3833,-173.3,12.36,85,0,0.0
198,Ivrea,IT,2022-12-08 20:57:50,45.4672,7.8762,41.05,79,75,5.3
199,Balta,UA,2022-12-08 20:57:50,47.9355,29.6198,35.83,92,95,4.83
200,Maxixe,MZ,2022-12-08 20:55:10,-23.8597,35.3472,76.5,84,6,8.68
201,Vodnyy,RU,2022-12-08 20:57:51,63.5046,53.4095,1.56,98,26,4.65
202,Rio Cauto,CU,2022-12-08 20:57:51,20.5603,-76.9161,84.09,37,26,14.65
203,Turukhansk,RU,2022-12-08 20:57:52,65.8167,87.9833,3.22,97,100,6.85
204,Zvishavane,ZW,2022-12-08 20:57:52,-20.3267,30.0665,71.28,77,100,6.89
205,Noumea,NC,2022-12-08 20:55:33,-22.2763,166.4572,81.0,99,0,2.62
206,Boa Vista,BR,2022-12-08 20:57:53,2.8197,-60.6733,80.58,69,40,5.75
207,Necochea,AR,2022-12-08 20:57:53,-38.5473,-58.7368,76.53,35,0,14.85
208,Rundu,NA,2022-12-08 20:57:54,-17.9333,19.7667,73.78,49,53,2.24
209,Lake Charles,US,2022-12-08 20:55:12,30.2131,-93.2044,80.82,69,40,6.91
210,Altay,CN,2022-12-08 20:57:54,47.8667,88.1167,0.73,55,3,8.28
211,Nishihara,JP,2022-12-08 20:57:55,26.1842,127.7558,70.88,73,100,21.85
212,Sabang,ID,2022-12-08 20:57:55,5.8933,95.3214,77.02,84,100,10.29
213,Churapcha,RU,2022-12-08 20:57:56,62.0025,132.4325,-25.92,98,100,5.39
214,Porto Torres,IT,2022-12-08 20:57:56,40.835,8.3972,57.38,72,100,7.92
215,Cozumel,MX,2022-12-08 20:54:05,20.5083,-86.9458,83.07,73,85,11.99
216,Krasnoselkup,RU,2022-12-08 20:57:57,65.7,82.4667,6.3,96,100,11.43
217,Klaksvik,FO,2022-12-08 20:57:57,62.2266,-6.589,38.32,72,100,37.33
218,Mahebourg,MU,2022-12-08 20:54:09,-20.4081,57.7,77.29,78,75,12.66
219,Yichun,CN,2022-12-08 20:57:58,47.7,128.9,-4.32,100,57,1.5
220,Richards Bay,ZA,2022-12-08 20:57:58,-28.783,32.0377,72.61,95,100,3.56
221,Kinablangan,PH,2022-12-08 20:57:58,7.6947,126.5503,77.34,85,100,4.65
222,Norrtalje,SE,2022-12-08 20:57:59,59.758,18.705,22.01,75,100,5.75
223,Conde,BR,2022-12-08 20:57:59,-7.2597,-34.9075,81.86,65,0,10.36
224,Kiama,AU,2022-12-08 20:58:00,-34.6833,150.8667,62.38,60,6,3.0
225,Wangou,CN,2022-12-08 20:58:00,42.0623,126.9127,5.16,95,35,3.27
226,Enid,US,2022-12-08 20:56:57,36.3956,-97.8784,55.56,100,100,12.66
227,Yulara,AU,2022-12-08 20:58:01,-25.2406,130.9889,80.96,16,24,17.11
228,Bukoba,TZ,2022-12-08 20:58:02,-1.3317,31.8122,69.78,73,75,9.22
229,Castricum,NL,2022-12-08 20:58:50,52.5483,4.6694,35.98,75,13,5.32
230,Nanortalik,GL,2022-12-08 20:59:02,60.1432,-45.2371,24.62,78,76,6.11
231,Kenai,US,2022-12-08 20:59:03,60.5544,-151.2583,14.0,81,30,3.58
232,Huayucachi,PE,2022-12-08 20:59:03,-12.1333,-75.2333,62.35,51,100,8.66
233,Puerto Escondido,MX,2022-12-08 20:59:03,15.85,-97.0667,84.65,54,0,5.32
234,Koumac,NC,2022-12-08 20:59:04,-20.5667,164.2833,81.82,70,2,1.9
235,Rio Pomba,BR,2022-12-08 20:59:04,-21.2747,-43.1792,74.71,84,1,3.83
236,Mildura,AU,2022-12-08 20:59:05,-34.2,142.15,54.07,64,92,14.23
237,Broome,US,2022-12-08 20:59:06,42.2506,-75.833,42.71,81,96,3.0
238,Fare,PF,2022-12-08 20:59:06,-16.7,-151.0167,80.64,72,98,13.96
239,Potosi,BO,2022-12-08 20:59:06,-19.5836,-65.7531,56.43,46,84,18.07
240,Kaitangata,NZ,2022-12-08 20:59:07,-46.2817,169.8464,59.65,83,100,1.21
241,Alice Springs,AU,2022-12-08 20:59:07,-23.7,133.8833,72.95,18,100,9.22
242,Kavieng,PG,2022-12-08 20:59:08,-2.5744,150.7967,81.25,80,100,9.08
243,Dudinka,RU,2022-12-08 20:59:08,69.4058,86.1778,-2.38,95,98,7.78
244,Teguldet,RU,2022-12-08 20:59:09,57.3064,88.1667,1.44,90,100,12.41
245,Shakawe,BW,2022-12-08 20:59:09,-18.3667,21.85,77.95,50,75,4.68
246,Straumen,NO,2022-12-08 20:59:09,63.8709,11.2999,15.8,72,100,6.51
247,Abony,HU,2022-12-08 20:59:10,47.1899,20.0048,37.63,95,100,2.3
248,Tuy Hoa,VN,2022-12-08 20:59:11,13.0833,109.3,74.86,90,99,12.3
249,Ponta Do Sol,PT,2022-12-08 20:59:11,32.6667,-17.1,67.01,82,93,17.56
250,Pangnirtung,CA,2022-12-08 20:59:11,66.1451,-65.7125,17.6,73,100,9.22
251,Porto Uniao,BR,2022-12-08 20:59:12,-26.2381,-51.0783,77.74,65,79,2.71
252,Davenda,RU,2022-12-08 20:59:12,53.5556,119.317,-4.72,94,100,3.74
253,Salalah,OM,2022-12-08 20:59:13,17.0151,54.0924,73.63,45,7,5.79
254,Saint-Georges,GD,2022-12-08 20:58:46,12.0564,-61.7485,82.08,69,20,8.05
255,Masvingo,ZW,2022-12-08 20:59:14,-20.0637,30.8277,68.99,81,100,5.86
256,Ginda,IN,2022-12-08 20:59:14,30.6945,78.4932,47.19,25,0,7.4
257,Tuatapere,NZ,2022-12-08 20:59:15,-46.1333,167.6833,57.76,91,100,2.59
258,Dannenberg,DE,2022-12-08 20:59:15,53.0967,11.09,34.14,93,46,4.09
259,Iskateley,RU,2022-12-08 20:56:23,67.6803,53.1512,-10.34,99,13,2.19
260,Mackenzie,CA,2022-12-08 20:59:16,55.2999,-123.1698,30.42,80,100,11.5
261,Sumbe,AO,2022-12-08 20:59:17,-11.2061,13.8437,76.93,87,81,6.71
262,Wanaka,NZ,2022-12-08 20:59:17,-44.7,169.15,57.11,79,100,5.01
263,Egvekinot,RU,2022-12-08 20:59:18,66.3167,-179.1667,-13.65,89,48,3.31
264,Salta,AR,2022-12-08 20:58:31,-24.7859,-65.4117,97.39,24,40,20.71
265,Quepos,CR,2022-12-08 20:59:18,9.4236,-84.1652,80.33,73,26,4.45
266,Husavik,IS,2022-12-08 20:57:18,66.0449,-17.3389,29.19,82,100,20.58
267,Novikovo,RU,2022-12-08 20:59:19,51.1537,37.8879,29.55,98,100,9.93
268,Tilichiki,RU,2022-12-08 20:59:19,60.4667,166.1,18.75,92,100,7.96
269,Krasnaya Gorka,RU,2022-12-08 20:59:20,55.1962,56.6673,-13.52,100,65,2.42
270,Port Blair,IN,2022-12-08 20:59:20,11.6667,92.75,79.74,78,76,4.14
271,Anastacio,BR,2022-12-08 20:59:21,-20.4836,-55.8069,92.43,42,97,5.08
272,Pak Chong,TH,2022-12-08 20:59:21,14.708,101.4161,73.81,88,53,4.63
273,Saint-Felicien,CA,2022-12-08 21:00:22,48.6501,-72.4491,19.11,72,10,8.81
274,Tahoua,NE,2022-12-08 21:00:22,14.8888,5.2692,71.76,16,0,12.68
275,Florence,IT,2022-12-08 20:57:33,43.7667,11.25,54.1,94,75,1.14
276,Sao Raimundo Nonato,BR,2022-12-08 21:00:23,-9.0153,-42.6994,82.94,47,93,4.81
277,Kjollefjord,NO,2022-12-08 21:00:25,70.9457,27.3465,32.05,69,75,16.11
278,Port Macquarie,AU,2022-12-08 21:00:25,-31.4333,152.9167,63.9,62,94,8.37
279,Muscat,OM,2022-12-08 20:58:02,23.6139,58.5922,75.85,56,0,8.43
280,Anadyr,RU,2022-12-08 21:00:26,64.75,177.4833,10.9,61,75,8.95
281,Kloulklubed,PW,2022-12-08 21:00:26,7.0419,134.2556,82.54,78,100,11.68
282,Pucallpa,PE,2022-12-08 21:00:27,-8.3791,-74.5539,93.92,39,98,2.55
283,Kamwenge,UG,2022-12-08 21:00:28,0.1866,30.4539,61.38,98,96,2.17
284,Kieta,PG,2022-12-08 21:00:28,-6.2167,155.6333,80.56,81,100,3.27
285,Avera,US,2022-12-08 21:00:29,33.194,-82.5271,77.38,58,21,7.58
286,Champerico,GT,2022-12-08 21:00:29,14.3,-91.9167,82.13,69,1,6.69
287,Vestmanna,FO,2022-12-08 21:00:30,62.1564,-7.1664,36.52,70,75,31.07
288,Karratha,AU,2022-12-08 21:00:31,-20.7377,116.8463,77.02,47,0,11.43
289,Homer,US,2022-12-08 21:00:31,59.6425,-151.5483,20.34,80,8,6.33
290,Ancud,CL,2022-12-08 21:00:32,-41.8697,-73.8203,57.07,95,98,18.03
291,Abu Dhabi,AE,2022-12-08 21:00:32,24.4667,54.3667,75.96,71,0,14.2
292,Sardinata,CO,2022-12-08 21:00:33,8.0829,-72.8007,78.46,74,78,3.91
293,Naze,JP,2022-12-08 21:00:33,28.3667,129.4833,64.58,70,100,15.05
294,Abrau-Dyurso,RU,2022-12-08 21:00:34,44.69,37.59,44.06,84,100,8.03
295,Manuk Mangkaw,PH,2022-12-08 21:00:34,4.8,119.85,81.72,76,98,10.11
296,Laguna,US,2022-12-08 21:00:35,38.421,-121.4238,56.75,71,0,11.5
297,Ucluelet,CA,2022-12-08 21:00:09,48.9329,-125.5528,42.1,90,100,7.94
298,Leeton,AU,2022-12-08 21:00:36,-34.5667,146.4,51.89,55,90,10.31
299,Karaton,ID,2022-12-08 21:00:37,-6.3424,106.1045,74.21,94,100,2.98
300,Ponta Delgada,PT,2022-12-08 21:00:37,37.7333,-25.6667,59.72,88,40,5.75
301,Rocha,UY,2022-12-08 21:00:38,-34.4833,-54.3333,86.22,37,0,9.28
302,Sao Joao Da Barra,BR,2022-12-08 21:00:39,-21.6403,-41.0511,73.83,86,12,10.63
303,Gravelbourg,CA,2022-12-08 21:00:40,49.8834,-106.5512,22.73,80,25,10.96
304,Wonthaggi,AU,2022-12-08 21:00:40,-38.6044,145.5913,54.82,57,26,8.34
305,Pedasi,PA,2022-12-08 21:00:41,7.5333,-80.0333,86.07,73,6,11.39
306,Porto Novo,BJ,2022-12-08 21:00:41,6.4965,2.6036,80.67,79,95,7.29
307,Aksu,CN,2022-12-08 21:00:42,41.1231,80.2644,25.09,40,100,3.29
308,Dokri,PK,2022-12-08 21:00:42,27.3743,68.0967,68.99,29,0,1.74
309,Portland,US,2022-12-08 20:57:14,45.5234,-122.6762,44.91,94,100,8.05
310,Terrace Bay,CA,2022-12-08 21:00:43,48.7834,-87.1,28.44,76,100,16.13
311,Berdigestyakh,RU,2022-12-08 21:00:44,62.0989,126.6992,-26.79,98,100,5.84
312,Lensk,RU,2022-12-08 21:00:44,60.7253,114.9278,6.71,94,100,10.65
313,Vostok,RU,2022-12-08 21:00:45,46.4856,135.8833,-2.83,98,92,5.19
314,Poso,ID,2022-12-08 21:00:45,-1.3959,120.7524,75.79,81,95,4.21
315,Neiafu,TO,2022-12-08 21:00:46,-18.65,-173.9833,78.01,88,100,19.37
316,Yurino,RU,2022-12-08 21:00:46,56.2942,46.3039,16.29,92,100,13.35
317,Megion,RU,2022-12-08 21:00:47,61.0296,76.1136,5.02,94,100,12.37
318,Houma,US,2022-12-08 21:00:47,29.5958,-90.7195,80.01,73,21,1.92
319,Sorland,NO,2022-12-08 21:00:48,67.667,12.6934,33.66,58,98,19.33
320,Panaba,MX,2022-12-08 21:00:48,21.2833,-88.2667,82.96,58,87,14.88
321,Plaster Rock,CA,2022-12-08 21:00:49,46.9065,-67.39,32.95,82,75,11.59
322,Cidreira,BR,2022-12-08 21:01:49,-30.1811,-50.2056,74.3,78,0,11.39
323,Zapolyarnyy,RU,2022-12-08 21:01:50,69.4154,30.8136,25.88,93,100,22.32
324,La Ronge,CA,2022-12-08 21:01:50,55.1001,-105.2842,0.77,83,61,8.77
325,Djougou,BJ,2022-12-08 21:01:50,9.7085,1.666,78.04,26,0,4.16
326,Byron Bay,AU,2022-12-08 21:00:12,-28.65,153.6167,66.7,80,100,12.88
327,Port Hardy,CA,2022-12-08 21:01:51,50.6996,-127.4199,40.73,78,83,8.43
328,Visby,SE,2022-12-08 20:57:28,57.6409,18.296,23.22,86,20,6.91
329,Vila Franca Do Campo,PT,2022-12-08 21:01:52,37.7167,-25.4333,59.41,85,58,8.03
330,Santo Stino Di Livenza,IT,2022-12-08 21:01:53,45.735,12.6808,42.76,68,71,5.23
331,Mezen,RU,2022-12-08 21:01:53,65.8522,44.24,15.87,93,100,8.46
332,Biak,ID,2022-12-08 21:01:54,-0.9131,122.8766,75.04,73,95,3.44
333,Ca Mau,VN,2022-12-08 21:01:54,9.1769,105.15,75.33,94,86,6.55
334,Sawakin,SD,2022-12-08 21:01:55,19.1059,37.3321,78.22,69,81,12.57
335,Thabazimbi,ZA,2022-12-08 21:01:55,-24.5917,27.4116,71.85,66,12,3.36
336,Poum,NC,2022-12-08 21:01:56,-20.2333,164.0167,81.07,77,2,12.08
337,Souillac,MU,2022-12-08 21:01:06,-20.5167,57.5167,76.53,80,38,16.04
338,Abu Samrah,SY,2022-12-08 21:01:57,35.3029,37.1841,52.41,77,20,3.76
339,Cascais,PT,2022-12-08 21:01:57,38.6979,-9.4215,60.94,87,75,20.71
340,Ahipara,NZ,2022-12-08 21:01:58,-35.1667,173.1667,67.17,96,100,4.27
341,Aragarcas,BR,2022-12-08 21:01:58,-15.8975,-52.2508,86.61,55,66,2.01
342,Gushikawa,JP,2022-12-08 21:01:58,26.3544,127.8686,70.83,83,40,16.11
343,San Jose,US,2022-12-08 20:58:16,37.3394,-121.895,58.95,65,0,10.0
344,Bocaiuva,BR,2022-12-08 21:00:30,-17.1078,-43.815,74.57,81,21,4.29
345,Margate,GB,2022-12-08 21:01:59,51.3813,1.3862,34.7,80,14,1.01
346,Alofi,NU,2022-12-08 21:02:00,-19.0595,-169.9187,80.04,80,100,15.41
347,Rexburg,US,2022-12-08 21:02:00,43.826,-111.7897,24.31,80,100,4.61
348,Aksarka,RU,2022-12-08 21:02:01,66.5606,67.7975,-14.93,86,61,12.01
349,Letterkenny,IE,2022-12-08 21:02:01,54.95,-7.7333,33.69,88,59,2.93
350,Tombouctou,ML,2022-12-08 21:02:02,20.0,-3.0,77.76,14,0,8.05
351,Sale,MA,2022-12-08 21:02:02,34.0389,-6.8166,66.88,68,100,18.41
352,Soyaux,FR,2022-12-08 21:02:03,45.65,0.2,36.39,85,0,11.5
353,Veraval,IN,2022-12-08 20:57:57,20.9,70.3667,71.01,34,63,10.47
354,Whitehorse,CA,2022-12-08 20:57:58,60.7161,-135.0538,21.09,86,100,6.91
355,Ngunguru,NZ,2022-12-08 21:02:04,-35.6167,174.5,66.36,95,100,7.63
356,Sabana Grande De Boya,DO,2022-12-08 21:02:05,18.945,-69.7933,72.59,73,16,9.13
357,Inta,RU,2022-12-08 21:02:05,66.0317,60.1659,-20.04,100,11,2.08
358,Aswan,EG,2022-12-08 20:58:27,24.0934,32.907,65.5,32,0,6.91
359,Sioux Lookout,CA,2022-12-08 21:02:06,50.1001,-91.917,15.3,88,100,2.93
360,Shingu,JP,2022-12-08 21:02:06,33.7333,135.9833,44.01,73,4,5.59
361,Jvari,GE,2022-12-08 21:02:06,42.7169,42.052,46.08,65,61,7.78
362,Sokoni,TZ,2022-12-08 21:02:07,-6.4333,39.55,80.62,78,7,10.58
363,Vilyuysk,RU,2022-12-08 21:02:07,63.7553,121.6247,-23.87,97,100,7.07
364,Coihaique,CL,2022-12-08 20:57:22,-45.5752,-72.0662,58.95,55,75,9.22
365,Joao Camara,BR,2022-12-08 21:02:08,-5.5375,-35.8197,79.18,64,98,14.23
366,Belaya Gora,RU,2022-12-08 21:02:08,68.5333,146.4167,-38.81,100,99,2.04
367,Madang,PG,2022-12-08 21:03:09,-5.2246,145.7966,76.3,91,100,1.21
368,Khandyga,RU,2022-12-08 21:03:09,62.6667,135.6,-25.11,98,100,3.56
369,Rawson,AR,2022-12-08 21:01:20,-43.3002,-65.1023,83.28,18,72,33.73
370,Misratah,LY,2022-12-08 21:03:10,32.3754,15.0925,65.68,70,11,6.44
371,Namibe,AO,2022-12-08 21:00:12,-15.1961,12.1522,70.43,77,56,5.08
372,San Francisco,US,2022-12-08 21:00:49,37.7749,-122.4194,58.21,73,75,11.01
373,Aklavik,CA,2022-12-08 21:03:11,68.2191,-135.0107,-32.39,96,40,5.48
374,Silifke,TR,2022-12-08 21:03:11,36.3778,33.9344,59.81,65,32,7.67
375,San Felipe,VE,2022-12-08 21:03:12,10.3399,-68.7425,77.86,71,63,5.97
376,Chishan,TW,2022-12-08 21:03:12,22.6392,120.3565,64.9,84,23,4.0
377,Ukwa,IN,2022-12-08 21:03:13,21.9667,80.4667,52.95,47,100,2.66
378,Pesqueira,BR,2022-12-08 21:01:42,-8.3578,-36.6964,81.21,38,97,10.2
379,Tambacounda,SN,2022-12-08 21:03:14,13.7539,-13.7586,88.27,19,2,6.46
380,Krutinka,RU,2022-12-08 21:03:14,56.0055,71.5113,0.64,93,94,9.17
381,Tacuati,PY,2022-12-08 21:03:15,-23.45,-56.5833,92.48,46,89,2.13
382,Sitka,US,2022-12-08 21:03:15,57.0531,-135.33,35.53,77,94,8.66
383,Hamilton,US,2022-12-08 20:58:45,39.1834,-84.5333,46.44,91,100,9.22
384,Raga,SS,2022-12-08 21:03:16,8.4596,25.678,74.68,27,17,5.03
385,Baykit,RU,2022-12-08 21:03:16,61.67,96.37,5.94,92,100,9.1
386,Todos Santos,MX,2022-12-08 21:03:17,23.45,-110.2167,85.05,62,27,14.41
387,Newport,GB,2022-12-08 21:00:12,51.5877,-2.9984,36.14,76,41,6.13
388,Hoquiam,US,2022-12-08 21:03:18,46.9809,-123.8893,46.0,92,75,4.61
389,Mugur-Aksy,RU,2022-12-08 21:03:18,50.35,90.5,-14.04,78,2,6.26
390,Rio Gallegos,AR,2022-12-08 21:03:19,-51.6226,-69.2181,56.25,57,85,10.67
391,Leczna,PL,2022-12-08 21:03:19,51.3012,22.8814,37.71,81,0,8.05
392,Goianesia,BR,2022-12-08 21:03:19,-15.3175,-49.1175,73.76,83,100,2.8
393,San Policarpo,PH,2022-12-08 21:03:20,12.1791,125.5072,76.89,89,100,2.73
394,Aksha,RU,2022-12-08 21:03:20,50.2814,113.2867,11.55,67,100,14.65
395,Asau,RO,2022-12-08 21:03:21,46.4333,26.4,34.72,88,100,2.17
396,Regina,CA,2022-12-08 21:01:56,50.4501,-104.6178,16.03,72,13,15.01
397,Rena,NO,2022-12-08 21:03:22,61.1348,11.3641,5.97,97,83,4.97
398,Vestmannaeyjar,IS,2022-12-08 21:03:14,63.4427,-20.2734,29.39,59,0,11.5
399,Filingue,NE,2022-12-08 21:03:22,14.3521,3.3168,76.86,14,1,11.43
400,Marienburg,PL,2022-12-08 21:03:23,54.0359,19.0266,34.88,96,100,7.09
401,Rohru,IN,2022-12-08 21:03:23,31.2167,77.75,46.08,31,0,4.05
402,Perevolotskiy,RU,2022-12-08 21:03:24,51.8763,54.1938,1.72,87,9,1.74
403,Istok,XK,2022-12-08 21:03:24,42.7808,20.4875,45.82,96,97,0.38
404,Piterka,RU,2022-12-08 21:03:25,50.6803,47.4454,14.11,61,30,11.68
405,Lasa,IT,2022-12-08 21:03:25,46.6166,10.7002,27.36,91,57,1.99
406,Aykhal,RU,2022-12-08 21:03:26,66.0,111.5,-20.81,96,98,4.63
407,Forestville,US,2022-12-08 21:03:26,38.8451,-76.875,55.49,64,0,10.36
408,Kendari,ID,2022-12-08 21:03:27,-3.945,122.4989,73.99,91,100,3.62
409,Ericeira,PT,2022-12-08 21:03:27,38.9627,-9.4156,60.78,95,97,22.19
410,Grandview,US,2022-12-08 21:03:28,38.8858,-94.533,48.18,95,100,11.5
411,Khovu-Aksy,RU,2022-12-08 21:03:29,51.1333,93.6,-16.83,90,6,3.67
412,Diffa,NE,2022-12-08 21:04:29,13.3154,12.6113,70.27,27,31,9.73
413,Cabedelo,BR,2022-12-08 21:01:23,-6.9811,-34.8339,79.57,75,25,10.42
414,Zhigalovo,RU,2022-12-08 21:04:30,54.8097,105.1578,6.91,92,100,5.88
415,Vagur,FO,2022-12-08 21:04:30,61.4732,-6.8119,39.56,67,96,35.46
416,Vanavara,RU,2022-12-08 21:04:30,60.34,102.2797,7.11,93,100,12.26
417,Oum Hadjer,TD,2022-12-08 21:04:31,13.2954,19.6966,73.27,17,1,8.84
418,Charlestown,AU,2022-12-08 21:04:32,-32.95,151.6667,62.11,82,47,3.0
419,Zhigansk,RU,2022-12-08 21:04:32,66.7697,123.3711,-19.91,99,100,0.96
420,Merritt Island,US,2022-12-08 21:04:33,28.5392,-80.672,80.69,61,20,8.05
421,Hay River,CA,2022-12-08 21:00:25,60.8156,-115.7999,1.83,88,100,8.1
422,Cam Ranh,VN,2022-12-08 21:04:33,11.9214,109.1591,75.16,83,75,6.91
423,Bathsheba,BB,2022-12-08 21:01:12,13.2167,-59.5167,82.06,75,78,10.22
424,Santa Clarita,US,2022-12-08 21:00:56,34.3917,-118.5426,63.05,41,0,1.99
425,Barabai,ID,2022-12-08 21:04:34,-2.5833,115.3833,72.32,96,82,1.54
426,Bilibino,RU,2022-12-08 21:04:34,68.0546,166.4372,-20.0,92,42,4.9
427,Hami,CN,2022-12-08 21:04:35,42.8,93.45,21.88,50,17,6.33
428,Kaposmero,HU,2022-12-08 21:04:35,46.3617,17.704,39.97,93,89,1.9
429,Batagay,RU,2022-12-08 21:04:36,67.6333,134.6333,-24.43,98,100,2.84
430,Hofn,IS,2022-12-08 21:04:36,64.2539,-15.2082,29.61,58,24,22.68
431,Konstantinovka,RU,2022-12-08 21:04:37,49.6167,127.9833,-12.77,99,37,2.21
432,Barabinsk,RU,2022-12-08 21:04:37,55.3571,78.357,-5.1,96,10,9.37
433,Livingstone,ZM,2022-12-08 21:04:38,-17.8419,25.8543,71.51,71,63,6.51
434,Alto Longa,BR,2022-12-08 21:04:38,-5.2511,-42.2103,92.03,29,87,6.24
435,Staroshcherbinovskaya,RU,2022-12-08 21:04:39,46.6311,38.6742,36.34,82,100,11.52
436,Usinsk,RU,2022-12-08 21:04:39,65.9939,57.5281,-10.39,92,73,8.61
437,Puqi,CN,2022-12-08 21:04:40,29.7167,113.8833,43.9,79,12,0.72
438,Sao Filipe,CV,2022-12-08 21:04:40,14.8961,-24.4956,76.82,76,5,8.77
439,Buchanan,LR,2022-12-08 21:00:01,5.8808,-10.0467,78.6,85,86,7.61
440,Nelson Bay,AU,2022-12-08 21:04:41,-32.7167,152.15,62.11,76,90,4.0
441,Tucuman,AR,2022-12-08 21:04:41,-26.8241,-65.2226,105.8,24,20,9.22
442,Ostrovnoy,RU,2022-12-08 21:04:42,68.0531,39.5131,28.54,92,100,26.37
443,Nome,US,2022-12-08 21:03:49,64.5011,-165.4064,12.27,85,100,3.44
444,Chilliwack,CA,2022-12-08 21:03:13,49.1747,-121.9443,44.2,98,100,0.83
445,Rossland,CA,2022-12-08 21:04:42,49.0831,-117.8022,32.92,76,100,3.11
446,Ibra,OM,2022-12-08 21:04:43,22.6906,58.5334,67.15,51,0,2.59
447,Gawler,AU,2022-12-08 21:04:43,-34.6,138.7333,57.96,60,100,7.45
448,Maragogi,BR,2022-12-08 21:03:58,-9.0122,-35.2225,77.7,79,98,9.84
449,Leninskoye,KZ,2022-12-08 21:04:44,41.7589,69.3864,17.74,85,100,5.1
450,Yerbogachen,RU,2022-12-08 21:04:44,61.2767,108.0108,7.32,94,100,9.64
451,Zalakomar,HU,2022-12-08 21:04:45,46.538,17.1809,39.18,100,100,4.61
452,Fairbanks,US,2022-12-08 21:00:01,64.8378,-147.7164,19.36,84,100,3.44
453,Shache,CN,2022-12-08 21:04:45,38.4167,77.2406,23.38,38,99,3.18
454,Te Anau,NZ,2022-12-08 21:04:46,-45.4167,167.7167,53.87,96,100,0.89
455,Maymyo,MM,2022-12-08 21:04:46,22.0333,96.4667,57.25,82,0,2.64
456,Muscle Shoals,US,2022-12-08 21:05:46,34.7448,-87.6675,73.65,81,75,9.22
457,Haapiti,PF,2022-12-08 21:05:47,-17.5667,-149.8667,85.73,78,71,13.38
458,Dehloran,IR,2022-12-08 21:05:47,32.6941,47.2679,60.53,40,0,3.47
459,Havre-Saint-Pierre,CA,2022-12-08 21:05:48,50.2334,-63.5986,37.76,100,100,9.22
460,Summerville,US,2022-12-08 21:02:58,33.0185,-80.1757,72.99,87,75,6.91
461,Cuajinicuilapa,MX,2022-12-08 21:05:48,16.4667,-98.4167,88.54,47,0,7.96
462,Hashtrud,IR,2022-12-08 21:05:49,37.4779,47.0508,31.6,77,9,1.32
463,Itacoatiara,BR,2022-12-08 21:05:49,-3.1431,-58.4442,89.73,47,47,3.96
464,Chum Phae,TH,2022-12-08 21:05:49,16.5443,102.0992,73.78,74,100,2.77
465,Abha,SA,2022-12-08 21:04:41,18.2164,42.5053,52.05,87,0,5.75
466,Conceicao Da Barra,BR,2022-12-08 21:05:50,-18.5933,-39.7322,75.61,91,31,2.48
467,Norsup,VU,2022-12-08 21:05:50,-16.0667,167.3833,83.73,72,94,8.5
468,Mokokchung,IN,2022-12-08 21:05:51,26.3333,94.5333,49.41,79,9,3.67
469,Saint-Francois,FR,2022-12-08 21:05:51,46.4154,3.9054,31.44,93,100,8.05
470,Yar-Sale,RU,2022-12-08 21:05:52,66.8333,70.8333,-21.14,93,92,15.79
471,Amapa,BR,2022-12-08 21:05:52,1.0,-52.0,81.93,66,60,1.12
472,Bela Cruz,BR,2022-12-08 21:04:10,-3.0506,-40.1678,80.31,69,61,12.75
473,Havoysund,NO,2022-12-08 21:05:53,70.9963,24.6622,30.43,69,99,23.82
474,Sandi,IN,2022-12-08 21:05:53,27.3,79.95,57.83,38,0,7.34
475,Fortuna,US,2022-12-08 21:05:54,40.5982,-124.1573,46.74,94,100,12.66
476,Nirmali,IN,2022-12-08 21:05:54,26.3167,86.5833,60.69,59,4,4.76
477,Dharchula,IN,2022-12-08 21:05:54,29.85,80.5333,52.57,23,0,7.74
478,Tuskegee,US,2022-12-08 21:05:55,32.424,-85.6916,79.14,64,42,3.0
479,Seoul,KR,2022-12-08 21:05:04,37.5683,126.9778,40.44,43,100,3.04
480,Cardston,CA,2022-12-08 21:04:34,49.2,-113.3019,29.12,77,100,11.34
481,Rehoboth,NA,2022-12-08 21:05:56,-23.3167,17.0833,69.04,19,0,10.38
482,Nemuro,JP,2022-12-08 21:05:56,43.3236,145.575,29.44,55,18,13.53
483,Honiara,SB,2022-12-08 21:05:57,-9.4333,159.95,81.48,80,100,1.74
484,Caravelas,BR,2022-12-08 21:05:57,-17.7125,-39.2481,76.73,87,23,8.79
485,Juneau,US,2022-12-08 21:02:23,58.3019,-134.4197,35.22,94,100,9.22
486,Kedrovyy,RU,2022-12-08 21:05:58,56.1667,91.8167,10.81,85,88,7.94
487,Tabuk,PH,2022-12-08 21:05:58,17.4189,121.4443,71.01,94,100,2.98
488,Virginia Beach,US,2022-12-08 21:05:40,36.8529,-75.978,56.01,86,100,6.91
489,Yabrud,SY,2022-12-08 21:05:59,33.9674,36.6574,43.63,80,4,2.64
490,Bhawana,PK,2022-12-08 21:05:59,31.5692,72.649,60.42,33,13,4.45
491,Cervo,ES,2022-12-08 21:06:00,43.6702,-7.4101,53.96,92,100,8.59
492,Allahganj,IN,2022-12-08 21:06:00,27.55,79.6833,57.52,41,0,6.11
493,Conakry,GN,2022-12-08 21:06:00,9.538,-13.6773,81.84,77,0,8.34
494,Urumqi,CN,2022-12-08 21:06:01,43.801,87.6005,0.55,92,75,0.0
495,Tecoanapa,MX,2022-12-08 21:06:01,16.5167,-98.75,83.3,65,0,8.5
496,Lokosovo,RU,2022-12-08 21:06:02,61.1333,74.8167,8.56,94,100,11.18
497,Quang Ngai,VN,2022-12-08 21:06:02,15.1167,108.8,73.0,88,93,5.03
498,Los Llanos De Aridane,ES,2022-12-08 21:03:55,28.6585,-17.9182,64.15,93,40,5.75
499,Dakar,SN,2022-12-08 21:06:03,14.6937,-17.4441,77.88,83,0,20.51
500,Manggar,ID,2022-12-08 21:06:04,-2.8833,108.2667,77.49,84,100,5.37
501,Stepnyak,KZ,2022-12-08 21:06:04,52.8339,70.7803,-6.45,96,19,7.05
502,Cravo Norte,CO,2022-12-08 21:06:05,6.3017,-70.2041,85.71,51,65,7.63
503,Tabou,CI,2022-12-08 21:06:05,4.423,-7.3528,78.71,83,8,5.39
504,Hovd,MN,2022-12-08 21:07:06,48.0056,91.6419,-2.02,70,0,5.39
505,Niteroi,BR,2022-12-08 21:07:06,-22.8833,-43.1036,76.6,76,20,12.66
506,Vung Tau,VN,2022-12-08 21:07:07,10.346,107.0843,78.13,84,100,7.02
507,Port Hedland,AU,2022-12-08 21:07:07,-20.3167,118.5667,77.05,88,0,9.22
508,Talcahuano,CL,2022-12-08 21:05:16,-36.7167,-73.1167,67.68,88,40,8.05
509,Ruangwa,TZ,2022-12-08 21:07:08,-10.0667,38.9333,70.68,97,13,4.16
510,Hambantota,LK,2022-12-08 21:07:09,6.1241,81.1185,75.06,69,100,15.23
511,Saint-Pierre,RE,2022-12-08 21:07:09,-21.3393,55.4781,76.68,78,20,10.36
512,Bandarbeyla,SO,2022-12-08 21:07:10,9.4942,50.8122,77.58,75,92,18.59
513,San Juan Del Sur,NI,2022-12-08 21:07:10,11.2529,-85.8705,79.56,76,7,17.74
514,Qaqortoq,GL,2022-12-08 21:07:11,60.7167,-46.0333,22.14,76,100,8.14
515,Goderich,CA,2022-12-08 21:07:11,43.7501,-81.7165,34.92,67,77,9.84
516,Ilmajoki,FI,2022-12-08 21:07:12,62.7333,22.5667,24.98,94,100,3.44
517,Beloha,MG,2022-12-08 21:07:12,-25.1667,45.05,73.6,77,3,16.58
518,Kakamigahara,JP,2022-12-08 21:07:13,35.4167,136.8667,43.23,72,6,4.09
519,Maralal,KE,2022-12-08 21:07:13,1.0968,36.698,57.94,86,93,5.77
520,Mafinga,TZ,2022-12-08 21:07:14,-7.25,35.0667,71.74,59,6,3.58
521,Alcala La Real,ES,2022-12-08 21:07:14,37.4614,-3.923,52.59,98,90,4.27
522,Leticia,CO,2022-12-08 21:07:15,-4.2153,-69.9406,80.65,89,75,3.44
523,Doha,QA,2022-12-08 21:05:35,25.2867,51.5333,73.38,68,0,9.22
524,Olafsvik,IS,2022-12-08 21:07:15,64.8945,-23.7142,32.49,66,69,25.93
525,Ugoofaaru,MV,2022-12-08 21:07:16,5.6667,73.0,80.62,78,100,9.44
526,Viravanallur,IN,2022-12-08 21:07:16,8.7,77.5333,74.84,59,100,7.7
527,Vallenar,CL,2022-12-08 21:07:17,-28.5708,-70.7581,81.79,38,37,9.53
528,Lisakovsk,KZ,2022-12-08 21:07:17,52.5369,62.4936,-0.18,87,38,6.87
529,Tsiroanomandidy,MG,2022-12-08 21:07:18,-18.7667,46.0333,70.99,59,46,3.02
530,Radchenko,RU,2022-12-08 21:07:18,56.6803,36.3718,25.93,92,96,10.89
531,Buala,SB,2022-12-08 21:07:18,-8.145,159.5921,81.32,79,100,4.23
532,Ayan,RU,2022-12-08 21:07:19,56.45,138.1667,0.63,62,50,16.84
533,Obihiro,JP,2022-12-08 21:07:19,42.9172,143.2044,23.52,73,54,1.61
534,Aasiaat,GL,2022-12-08 21:07:20,68.7098,-52.8699,29.17,89,100,6.87
535,New Albany,US,2022-12-08 21:07:20,38.2856,-85.8241,50.09,94,100,9.22
536,Tucumcari,US,2022-12-08 21:07:21,35.1717,-103.725,62.94,13,0,17.27
537,Roma,US,2022-12-08 21:05:55,43.2128,-75.4557,42.39,86,75,7.0
538,Novovelichkovskaya,RU,2022-12-08 21:07:21,45.2778,38.8436,38.1,64,100,7.07
539,Bukachacha,RU,2022-12-08 21:07:22,52.9833,116.9167,-7.44,97,63,3.96
540,Plonsk,PL,2022-12-08 21:07:22,52.6235,20.3755,35.64,92,100,9.57
541,Asfi,MA,2022-12-08 21:07:22,32.2994,-9.2372,65.46,83,76,25.21
542,Tolga,DZ,2022-12-08 21:07:23,34.7222,5.3785,59.02,47,96,5.37
543,Izhma,RU,2022-12-08 21:07:23,65.0083,53.9113,12.15,94,100,8.14
544,Kaseda,JP,2022-12-08 21:07:24,31.4167,130.3167,54.07,73,1,8.25
545,Tall Kayf,TR,2022-12-08 21:07:24,37.0833,41.0667,50.45,64,13,4.54
546,Alipur,PK,2022-12-08 21:07:25,29.3846,70.9116,63.23,29,0,7.74
547,Vizinga,RU,2022-12-08 21:07:25,61.0749,50.1031,9.84,84,10,7.96
548,Bolgatanga,GH,2022-12-08 21:07:26,10.7856,-0.8514,81.32,22,0,5.57
549,Colares,PT,2022-12-08 21:07:26,38.7992,-9.4469,60.76,88,75,21.0
550,Batemans Bay,AU,2022-12-08 21:07:27,-35.7167,150.1833,57.09,50,0,3.0
551,Longyearbyen,SJ,2022-12-08 21:07:27,78.2186,15.6401,21.04,79,75,11.5
552,Swift Current,CA,2022-12-08 21:07:28,50.2834,-107.8014,24.06,79,65,11.52
553,Saint-Joseph,RE,2022-12-08 21:07:28,-21.3667,55.6167,75.58,81,16,11.65
554,Sambava,MG,2022-12-08 21:08:28,-14.2667,50.1667,74.07,87,0,9.95
555,Filadelfia,US,2022-12-08 21:07:31,39.9523,-75.1638,50.05,63,75,11.5
556,Matay,EG,2022-12-08 21:08:29,28.419,30.7792,62.82,41,42,2.44
557,Moose Factory,CA,2022-12-08 21:08:29,51.2585,-80.6094,4.98,72,100,10.36
