City_ID,City,Country,Date,Lat,Lng,Max Temp,Humidity,Cloudiness,Wind Speed,Current Description
0,Ushuaia,AR,2022-12-09 18:24:32,-54.8,-68.3,49.62,66,40,9.22,light rain
1,Castro,BR,2022-12-09 18:25:36,-24.7911,-50.0119,85.93,42,0,4.52,clear sky
2,Mataura,NZ,2022-12-09 18:25:37,-46.1927,168.8643,53.26,96,99,1.63,overcast clouds
3,Jamestown,US,2022-12-09 18:25:37,42.097,-79.2353,35.19,46,7,7.0,clear sky
4,Saint-Francois,FR,2022-12-09 18:24:25,46.4154,3.9054,33.67,93,100,5.75,overcast clouds
5,Guerrero Negro,MX,2022-12-09 18:16:08,27.9769,-114.0611,65.57,52,25,13.78,scattered clouds
6,Saint-Philippe,RE,2022-12-09 18:25:38,-21.3585,55.7679,76.59,84,34,10.04,light rain
7,Flagstaff,US,2022-12-09 18:25:38,35.1981,-111.6513,45.05,32,0,8.05,clear sky
8,Vaini,TO,2022-12-09 18:25:39,-21.2,-175.2,77.16,94,75,8.05,light rain
9,Hobart,AU,2022-12-09 18:25:17,-42.8794,147.3294,51.66,89,100,1.14,overcast clouds
10,Isangel,VU,2022-12-09 18:25:40,-19.55,169.2667,77.11,94,75,0.0,broken clouds
11,Madikeri,IN,2022-12-09 18:25:40,12.4167,75.7333,57.87,82,100,3.06,overcast clouds
12,Cayenne,GF,2022-12-09 18:15:29,4.9333,-52.3333,84.24,70,20,10.36,light rain
13,Baie-Comeau,CA,2022-12-09 18:25:41,49.2168,-68.1489,20.88,63,0,6.91,clear sky
14,Milford,US,2022-12-09 18:23:12,41.2223,-73.0565,48.67,40,0,13.8,clear sky
15,Vostok,RU,2022-12-09 18:25:41,46.4856,135.8833,5.56,97,100,4.0,overcast clouds
16,Comodoro Rivadavia,AR,2022-12-09 18:17:45,-45.8667,-67.5,75.06,17,75,26.46,broken clouds
17,Alta Floresta,BR,2022-12-09 18:25:42,-9.8756,-56.0861,83.88,67,91,2.68,overcast clouds
18,Caravelas,BR,2022-12-09 18:25:42,-17.7125,-39.2481,81.63,82,20,6.87,moderate rain
19,Gawler,AU,2022-12-09 18:25:43,-34.6,138.7333,69.26,40,26,14.05,scattered clouds
20,Manikpur,IN,2022-12-09 18:25:43,25.0667,81.1167,58.84,42,94,0.65,overcast clouds
21,East London,ZA,2022-12-09 18:25:44,-33.0153,27.9116,74.34,88,0,10.36,clear sky
22,Saint George,US,2022-12-09 18:25:44,37.1041,-113.5841,47.43,63,0,1.99,clear sky
23,Codrington,AU,2022-12-09 18:25:45,-38.2667,141.9667,42.85,93,6,8.77,clear sky
24,Cape Town,ZA,2022-12-09 18:22:32,-33.9258,18.4232,72.09,73,20,10.36,few clouds
25,Chapais,CA,2022-12-09 18:25:45,49.7834,-74.8492,4.78,79,38,7.83,scattered clouds
26,Bethel,US,2022-12-09 18:23:41,41.3712,-73.414,47.55,54,0,9.22,clear sky
27,Shingu,JP,2022-12-09 18:25:46,33.7333,135.9833,48.96,70,100,6.89,overcast clouds
28,Punta Arenas,CL,2022-12-09 18:25:46,-53.15,-70.9167,55.42,62,75,12.66,broken clouds
29,Narsaq,GL,2022-12-09 18:16:19,60.9167,-46.05,21.42,74,36,6.78,scattered clouds
30,Longyearbyen,SJ,2022-12-09 18:25:47,78.2186,15.6401,17.44,86,20,12.66,few clouds
31,Lindi,TZ,2022-12-09 18:25:47,-10.0,39.7167,76.42,87,11,3.27,few clouds
32,Zainsk,RU,2022-12-09 18:25:48,55.3195,52.0694,14.99,74,100,14.56,overcast clouds
33,Geraldton,AU,2022-12-09 18:25:48,-28.7667,114.6,59.41,77,75,8.05,broken clouds
34,Port Alfred,ZA,2022-12-09 18:25:49,-33.5906,26.891,70.18,92,9,4.0,clear sky
35,Bredasdorp,ZA,2022-12-09 18:25:49,-34.5322,20.0403,70.16,68,3,11.16,clear sky
36,Yellowknife,CA,2022-12-09 18:25:49,62.456,-114.3525,0.12,78,100,8.05,light snow
37,Santa Cruz,BO,2022-12-09 18:22:29,-17.8,-63.1667,96.85,46,75,26.46,broken clouds
38,Padang,ID,2022-12-09 18:25:50,-0.9492,100.3543,76.35,84,100,2.28,light rain
39,Coquimbo,CL,2022-12-09 18:25:50,-29.9533,-71.3436,71.33,68,0,14.97,clear sky
40,Busselton,AU,2022-12-09 18:25:51,-33.65,115.3333,52.34,84,0,6.67,clear sky
41,Avarua,CK,2022-12-09 18:25:51,-21.2078,-159.775,77.05,88,20,5.75,few clouds
42,Torbay,CA,2022-12-09 18:25:52,47.6666,-52.7314,38.57,97,100,14.97,light intensity drizzle
43,Borba,BR,2022-12-09 18:25:52,-4.3878,-59.5939,90.91,47,79,3.0,broken clouds
44,Ponta Do Sol,PT,2022-12-09 18:25:53,32.6667,-17.1,70.0,83,96,10.11,overcast clouds
45,Allada,BJ,2022-12-09 18:25:53,6.6655,2.1514,81.36,73,4,8.81,clear sky
46,Barrow,US,2022-12-09 18:25:53,71.2906,-156.7887,17.62,73,100,23.02,haze
47,Kamaishi,JP,2022-12-09 18:26:54,39.2667,141.8833,40.73,83,87,6.58,overcast clouds
48,Sao Joao Da Barra,BR,2022-12-09 18:26:54,-21.6403,-41.0511,86.09,76,10,12.33,clear sky
49,Bambanglipuro,ID,2022-12-09 18:26:55,-7.95,110.2833,77.81,83,67,6.6,broken clouds
50,Carndonagh,IE,2022-12-09 18:26:55,55.25,-7.2667,40.24,81,100,5.95,snow
51,Nantucket,US,2022-12-09 18:20:23,41.2835,-70.0995,46.54,71,1,30.65,clear sky
52,Kapaa,US,2022-12-09 18:26:56,22.0752,-159.319,79.12,63,100,19.57,overcast clouds
53,Kugulta,RU,2022-12-09 18:26:56,45.3636,42.3889,30.78,82,68,16.51,broken clouds
54,Kununurra,AU,2022-12-09 18:26:57,-15.7667,128.7333,80.58,89,40,3.44,scattered clouds
55,Srednekolymsk,RU,2022-12-09 18:26:57,67.45,153.6833,-40.54,96,95,8.86,overcast clouds
56,Thompson,CA,2022-12-09 18:26:57,55.7435,-97.8558,6.96,78,75,6.91,broken clouds
57,Alice Springs,AU,2022-12-09 18:25:56,-23.7,133.8833,74.75,27,4,3.44,clear sky
58,Hilo,US,2022-12-09 18:26:58,19.7297,-155.09,73.62,86,20,5.75,few clouds
59,Puerto Ayora,EC,2022-12-09 18:26:58,-0.7393,-90.3518,80.56,88,66,7.0,broken clouds
60,Dzitas,MX,2022-12-09 18:26:59,20.85,-88.5167,82.44,38,10,5.93,clear sky
61,Xai-Xai,MZ,2022-12-09 18:26:59,-25.0519,33.6442,76.55,81,43,8.72,scattered clouds
62,Severo-Kurilsk,RU,2022-12-09 18:27:00,50.6789,156.125,27.43,64,99,21.88,overcast clouds
63,Saskylakh,RU,2022-12-09 18:27:00,71.9167,114.0833,-23.03,99,88,5.14,overcast clouds
64,Areka,ET,2022-12-09 18:27:01,7.0667,37.7,65.07,38,39,6.87,scattered clouds
65,Albany,US,2022-12-09 18:24:26,42.6001,-73.9662,39.67,53,15,1.01,few clouds
66,Ancud,CL,2022-12-09 18:27:01,-41.8697,-73.8203,59.79,71,10,10.49,clear sky
67,Vanimo,PG,2022-12-09 18:27:02,-2.6741,141.3028,77.0,89,100,3.78,heavy intensity rain
68,Port Lincoln,AU,2022-12-09 18:27:02,-34.7333,135.8667,64.81,73,85,11.18,overcast clouds
69,Qaanaaq,GL,2022-12-09 18:27:03,77.484,-69.3632,0.41,89,90,5.19,overcast clouds
70,Salalah,OM,2022-12-09 18:27:03,17.0151,54.0924,75.29,64,0,3.44,clear sky
71,Tucuman,AR,2022-12-09 18:25:30,-26.8241,-65.2226,107.6,21,75,12.66,broken clouds
72,Harrison,US,2022-12-09 18:27:04,30.4091,-89.0436,73.47,77,100,5.75,overcast clouds
73,Constitucion,CL,2022-12-09 18:20:15,-35.3333,-72.4167,69.37,66,37,15.1,scattered clouds
74,Bloemfontein,ZA,2022-12-09 18:27:04,-29.1211,26.214,65.68,68,0,5.75,light rain
75,Mahebourg,MU,2022-12-09 18:27:05,-20.4081,57.7,77.29,78,40,9.22,light rain
76,Ilinskiy,RU,2022-12-09 18:27:05,55.619,38.1182,25.14,93,100,4.47,overcast clouds
77,Manaure,CO,2022-12-09 18:27:06,11.7751,-72.4445,82.15,65,59,13.42,broken clouds
78,Strezhevoy,RU,2022-12-09 18:27:07,60.7333,77.5889,-22.27,94,15,7.56,few clouds
79,Atbasar,KZ,2022-12-09 18:27:07,51.8,68.3333,2.48,92,83,6.55,broken clouds
80,Dunmore Town,BS,2022-12-09 18:27:08,25.5,-76.65,75.02,69,0,8.9,clear sky
81,Rubio,VE,2022-12-09 18:24:24,7.7013,-72.3557,72.45,56,61,0.34,broken clouds
82,Ribeira Grande,PT,2022-12-09 18:27:08,38.5167,-28.7,63.0,88,75,31.0,light rain
83,Cabo San Lucas,MX,2022-12-09 18:22:19,22.8909,-109.9124,79.61,64,0,3.44,clear sky
84,Nikolskoye,RU,2022-12-09 18:27:09,59.7035,30.7861,30.09,95,99,7.74,light snow
85,Olafsvik,IS,2022-12-09 18:18:57,64.8945,-23.7142,34.45,71,66,17.52,broken clouds
86,Atuona,PF,2022-12-09 18:27:09,-9.8,-139.0333,76.14,76,95,8.68,light rain
87,New Norfolk,AU,2022-12-09 18:27:10,-42.7826,147.0587,51.3,69,80,2.26,broken clouds
88,Isla Mujeres,MX,2022-12-09 18:27:10,21.2311,-86.731,82.45,61,3,12.84,clear sky
89,Vila Velha,BR,2022-12-09 18:27:11,-20.3297,-40.2925,85.95,81,20,8.05,few clouds
90,Port Elizabeth,ZA,2022-12-09 18:22:58,-33.918,25.5701,77.09,91,75,27.63,broken clouds
91,Hambantota,LK,2022-12-09 18:27:11,6.1241,81.1185,76.8,85,100,12.35,moderate rain
92,Rikitea,PF,2022-12-09 18:27:12,-23.1203,-134.9692,75.63,80,8,14.14,clear sky
93,Goure,NE,2022-12-09 18:28:12,13.9835,10.2704,71.35,11,0,9.71,clear sky
94,Dolgorukovo,RU,2022-12-09 18:28:13,52.3195,38.3453,31.73,96,100,15.43,snow
95,Tessalit,ML,2022-12-09 18:28:13,20.1986,1.0114,77.9,12,0,10.96,clear sky
96,Victoria,HK,2022-12-09 18:24:26,22.2855,114.1577,64.26,77,3,1.01,clear sky
97,Nzega,RW,2022-12-09 18:28:14,-2.479,29.5564,57.31,96,93,2.13,light rain
98,Bluff,NZ,2022-12-09 18:28:14,-46.6,168.3333,52.59,92,70,2.71,broken clouds
99,Kostolac,RS,2022-12-09 18:28:15,44.7149,21.1711,55.81,78,100,13.22,overcast clouds
100,Cockburn Town,TC,2022-12-09 18:28:15,21.4612,-71.1419,77.81,62,2,7.34,clear sky
101,Gravdal,NO,2022-12-09 18:28:16,68.1214,13.5031,28.29,54,20,9.22,few clouds
102,Bonthe,SL,2022-12-09 18:28:16,7.5264,-12.505,82.67,71,30,9.37,scattered clouds
103,Waingapu,ID,2022-12-09 18:28:17,-9.6567,120.2641,79.07,79,93,3.15,overcast clouds
104,Matay,EG,2022-12-09 18:28:17,28.419,30.7792,67.84,25,0,5.17,clear sky
105,Hermanus,ZA,2022-12-09 18:28:17,-34.4187,19.2345,68.81,78,1,13.51,clear sky
106,Banjar,ID,2022-12-09 18:28:18,-8.19,114.9675,75.97,83,85,4.79,overcast clouds
107,Talnakh,RU,2022-12-09 18:28:18,69.4865,88.3972,-20.18,100,85,2.68,overcast clouds
108,Urengoy,RU,2022-12-09 18:28:19,65.9667,78.3667,-2.18,95,100,15.57,overcast clouds
109,Santa Maria Da Vitoria,BR,2022-12-09 18:28:19,-13.3947,-44.1886,81.41,78,66,6.44,moderate rain
110,Vardo,NO,2022-12-09 18:28:20,70.3705,31.1107,32.29,61,100,23.4,light snow
111,Butaritari,KI,2022-12-09 18:28:20,3.0707,172.7902,81.52,79,63,19.46,broken clouds
112,Durban,ZA,2022-12-09 18:26:26,-29.8579,31.0292,76.93,91,27,5.01,scattered clouds
113,Turukhansk,RU,2022-12-09 18:18:51,65.8167,87.9833,0.73,97,100,5.46,overcast clouds
114,Lakselv,NO,2022-12-09 18:28:21,70.0513,24.9718,22.82,63,75,1.14,broken clouds
115,Takoradi,GH,2022-12-09 18:28:21,4.8845,-1.7554,81.1,77,1,8.97,clear sky
116,Fort Nelson,CA,2022-12-09 18:28:22,58.8053,-122.7002,-15.21,76,20,0.0,few clouds
117,Chokurdakh,RU,2022-12-09 18:23:58,70.6333,147.9167,-17.54,97,100,6.13,overcast clouds
118,Yulara,AU,2022-12-09 18:28:23,-25.2406,130.9889,87.01,27,79,4.45,broken clouds
119,Aksu,CN,2022-12-09 18:28:23,41.1231,80.2644,28.13,37,90,1.83,overcast clouds
120,Vilyuysk,RU,2022-12-09 18:28:24,63.7553,121.6247,-17.16,99,100,1.45,overcast clouds
121,Unai,BR,2022-12-09 18:28:24,-16.3575,-46.9061,83.37,60,57,1.95,broken clouds
122,Miles City,US,2022-12-09 18:28:24,46.4083,-105.8406,9.57,92,0,0.0,clear sky
123,Bartica,GY,2022-12-09 18:28:25,6.4,-58.6167,77.32,89,52,4.27,broken clouds
124,Esperance,AU,2022-12-09 18:28:25,-33.8667,121.9,60.22,78,19,9.06,few clouds
125,Tasiilaq,GL,2022-12-09 18:28:26,65.6145,-37.6368,21.36,60,6,7.38,clear sky
126,Hamilton,US,2022-12-09 18:28:23,39.1834,-84.5333,52.88,72,100,12.66,haze
127,Carnarvon,AU,2022-12-09 18:28:27,-24.8667,113.6333,67.48,69,0,20.24,clear sky
128,Labuan,MY,2022-12-09 18:28:27,5.2767,115.2417,77.36,94,20,0.0,few clouds
129,Tuatapere,NZ,2022-12-09 18:28:27,-46.1333,167.6833,52.12,95,66,3.94,broken clouds
130,Marsh Harbour,BS,2022-12-09 18:20:17,26.5412,-77.0636,75.88,72,2,10.58,clear sky
131,Ust-Ishim,RU,2022-12-09 18:28:28,57.6935,71.1665,2.95,98,87,4.21,overcast clouds
132,Usinsk,RU,2022-12-09 18:28:28,65.9939,57.5281,-10.91,99,47,9.86,scattered clouds
133,Shubarkuduk,KZ,2022-12-09 18:28:29,49.1447,56.4872,3.67,89,4,3.22,clear sky
134,Tanout,NE,2022-12-09 18:28:29,14.9709,8.8879,72.16,11,0,12.08,clear sky
135,Dinguiraye,GN,2022-12-09 18:28:30,11.3,-10.7167,83.66,21,0,2.64,clear sky
136,Ingham,US,2022-12-09 18:28:30,42.6,-84.3833,36.16,75,100,12.66,overcast clouds
137,Bengkulu,ID,2022-12-09 18:28:31,-3.8004,102.2655,74.82,88,100,4.61,overcast clouds
138,San Jeronimo,PE,2022-12-09 18:28:31,-11.9472,-75.2829,59.95,56,92,5.48,overcast clouds
139,Huarmey,PE,2022-12-09 18:29:32,-10.0681,-78.1522,72.01,72,83,10.47,broken clouds
140,Minab,IR,2022-12-09 18:29:32,27.1467,57.0801,72.57,34,64,14.12,broken clouds
141,Prince George,CA,2022-12-09 18:29:01,53.9166,-122.753,25.63,82,0,11.5,clear sky
142,Aklavik,CA,2022-12-09 18:29:33,68.2191,-135.0107,-14.8,70,75,5.75,broken clouds
143,Dudinka,RU,2022-12-09 18:29:33,69.4058,86.1778,-17.61,94,96,8.1,overcast clouds
144,Boa Vista,BR,2022-12-09 18:27:05,2.8197,-60.6733,87.78,55,40,8.05,scattered clouds
145,Kieta,PG,2022-12-09 18:29:34,-6.2167,155.6333,78.01,85,78,2.8,broken clouds
146,Erenhot,CN,2022-12-09 18:29:34,43.6475,111.9767,8.42,62,0,9.48,clear sky
147,Atar,MR,2022-12-09 18:29:34,20.5169,-13.0499,89.74,23,24,9.31,few clouds
148,Port Macquarie,AU,2022-12-09 18:29:35,-31.4333,152.9167,58.89,82,100,3.96,overcast clouds
149,Tegh,AM,2022-12-09 18:29:35,39.5579,46.4772,28.67,91,90,1.12,overcast clouds
150,Sept-Iles,CA,2022-12-09 18:29:33,50.2001,-66.3821,25.32,61,20,13.8,few clouds
151,Naze,JP,2022-12-09 18:29:36,28.3667,129.4833,63.52,81,97,23.26,light rain
152,Rincon,US,2022-12-09 18:29:29,32.296,-81.2354,71.56,68,75,8.05,broken clouds
153,Tiksi,RU,2022-12-09 18:29:36,71.6872,128.8694,-25.46,100,100,3.98,overcast clouds
154,Sisimiut,GL,2022-12-09 18:29:37,66.9395,-53.6735,30.47,70,100,14.99,overcast clouds
155,Llaillay,CL,2022-12-09 18:29:37,-32.85,-70.9667,93.25,30,47,8.48,scattered clouds
156,Spring Hill,US,2022-12-09 18:29:38,28.4769,-82.5255,80.91,65,40,5.75,scattered clouds
157,Bangassou,CF,2022-12-09 18:29:38,4.7413,22.8184,75.99,64,43,4.14,scattered clouds
158,Gubskaya,RU,2022-12-09 18:29:39,44.3164,40.6358,44.91,67,100,4.16,overcast clouds
159,Beryslav,UA,2022-12-09 18:29:39,46.8415,33.4284,47.59,96,96,8.79,overcast clouds
160,Ilulissat,GL,2022-12-09 18:29:39,69.2167,-51.1,39.22,45,75,13.8,broken clouds
161,Lieksa,FI,2022-12-09 18:29:40,63.3167,30.0167,22.82,95,93,7.72,overcast clouds
162,Druzhba,UA,2022-12-09 18:29:40,52.0428,33.9453,32.83,99,100,4.54,overcast clouds
163,Norman Wells,CA,2022-12-09 18:29:41,65.282,-126.8329,-12.96,70,100,4.61,light snow
164,Seoul,KR,2022-12-09 18:29:41,37.5683,126.9778,33.24,86,0,3.44,clear sky
165,Lagoa,PT,2022-12-09 18:21:25,39.05,-27.9833,59.61,88,100,31.21,moderate rain
166,Tres Arroyos,AR,2022-12-09 18:29:42,-38.3739,-60.2798,89.22,17,56,13.38,broken clouds
167,Beloha,MG,2022-12-09 18:29:42,-25.1667,45.05,75.18,79,25,19.86,scattered clouds
168,Bathurst,AU,2022-12-09 18:29:43,-33.4166,149.5806,49.82,84,71,6.8,broken clouds
169,Lac Du Bonnet,CA,2022-12-09 18:29:43,50.2536,-96.0612,21.45,83,59,9.19,broken clouds
170,Arkhangelskoye,RU,2022-12-09 18:29:44,55.8549,35.3287,24.78,96,100,5.59,overcast clouds
171,Dalvik,IS,2022-12-09 18:29:44,65.9702,-18.5286,31.93,86,99,7.11,light snow
172,Pisco,PE,2022-12-09 18:29:45,-13.7,-76.2167,77.05,57,0,16.11,clear sky
173,Kuressaare,EE,2022-12-09 18:29:45,58.2481,22.5039,33.75,91,75,13.8,broken clouds
174,Muros,ES,2022-12-09 18:29:46,42.7762,-9.0603,53.1,80,64,16.31,broken clouds
175,Tsirguliina,EE,2022-12-09 18:29:46,57.864,26.1947,9.23,100,62,2.93,broken clouds
176,Asau,RO,2022-12-09 18:29:47,46.4333,26.4,38.32,78,100,4.05,overcast clouds
177,Milkovo,RU,2022-12-09 18:29:47,54.7167,158.6167,-12.59,97,40,3.62,scattered clouds
178,Burnie,AU,2022-12-09 18:29:47,-41.0667,145.9167,49.96,85,76,9.71,broken clouds
179,Georgiyevka,KZ,2022-12-09 18:29:48,43.0369,74.7114,3.24,85,75,0.0,mist
180,Bogale,MM,2022-12-09 18:29:48,16.2833,95.4,75.78,86,46,4.23,scattered clouds
181,Touros,BR,2022-12-09 18:29:49,-5.1989,-35.4608,84.0,65,22,13.53,few clouds
182,Plettenberg Bay,ZA,2022-12-09 18:29:49,-34.0527,23.3716,68.65,87,92,4.61,light rain
183,Faya,SA,2022-12-09 18:29:50,18.3851,42.4509,59.52,81,20,4.41,few clouds
184,Kruisfontein,ZA,2022-12-09 18:29:50,-34.0033,24.7314,73.89,58,76,17.6,broken clouds
185,Belyy Yar,RU,2022-12-09 18:20:09,53.6039,91.3903,-17.14,100,9,0.0,fog
186,Tahoua,NE,2022-12-09 18:29:51,14.8888,5.2692,76.69,13,0,10.22,clear sky
187,Ust-Kuyga,RU,2022-12-09 18:29:51,70.0167,135.6,-42.9,100,78,3.13,broken clouds
188,Masuda,JP,2022-12-09 18:30:51,34.6667,131.85,47.89,73,86,4.23,overcast clouds
189,Te Anau,NZ,2022-12-09 18:30:52,-45.4167,167.7167,51.33,93,99,1.68,overcast clouds
190,Tuktoyaktuk,CA,2022-12-09 18:30:52,69.4541,-133.0374,-18.4,69,75,6.91,broken clouds
191,Doha,QA,2022-12-09 18:30:53,25.2867,51.5333,73.38,46,0,10.36,clear sky
192,Neiafu,TO,2022-12-09 18:30:53,-18.65,-173.9833,74.08,100,100,0.0,light rain
193,Masvingo,ZW,2022-12-09 18:30:54,-20.0637,30.8277,74.97,40,53,9.22,broken clouds
194,Okha,RU,2022-12-09 18:30:54,53.5739,142.9478,0.48,89,67,9.24,broken clouds
195,Along,IN,2022-12-09 18:30:55,28.1667,94.7667,53.28,80,0,1.77,clear sky
196,Mar Del Plata,AR,2022-12-09 18:30:53,-38.0023,-57.5575,82.42,49,0,18.99,clear sky
197,Kavieng,PG,2022-12-09 18:30:55,-2.5744,150.7967,81.7,76,100,8.19,overcast clouds
198,Sur,OM,2022-12-09 18:30:56,22.5667,59.5289,76.91,62,0,9.37,clear sky
199,Kingsport,US,2022-12-09 18:30:56,36.5484,-82.5618,63.75,88,75,1.01,broken clouds
200,Darien,US,2022-12-09 18:29:36,41.752,-87.974,36.66,94,100,14.97,mist
201,Byron Bay,AU,2022-12-09 18:29:31,-28.65,153.6167,63.95,84,100,3.51,light rain
202,Krasnyye Chetai,RU,2022-12-09 18:30:57,55.6887,46.1386,22.3,95,100,14.2,light snow
203,Luganville,VU,2022-12-09 18:30:57,-15.5333,167.1667,80.83,82,98,3.53,overcast clouds
204,Pangnirtung,CA,2022-12-09 18:30:58,66.1451,-65.7125,17.6,86,100,0.0,light snow
205,Evanston,US,2022-12-09 18:30:14,42.0411,-87.6901,36.63,93,100,11.5,moderate rain
206,Rawson,AR,2022-12-09 18:30:59,-43.3002,-65.1023,77.02,21,27,21.0,scattered clouds
207,Cherskiy,RU,2022-12-09 18:30:59,68.75,161.3,-22.36,98,100,4.99,overcast clouds
208,Khatanga,RU,2022-12-09 18:30:59,71.9667,102.5,-28.21,100,100,3.06,overcast clouds
209,Tevaitoa,PF,2022-12-09 18:31:00,-16.7833,-151.5,79.88,74,76,8.7,broken clouds
210,San Patricio,US,2022-12-09 18:31:00,28.017,-97.5169,81.07,59,48,12.33,scattered clouds
211,Baoro,CF,2022-12-09 18:31:01,5.6667,15.9667,74.46,30,3,4.7,clear sky
212,Muzhi,RU,2022-12-09 18:31:01,65.3667,64.6667,-14.21,92,5,4.23,clear sky
213,Thinadhoo,MV,2022-12-09 18:31:02,0.5333,72.9333,82.02,78,100,18.03,overcast clouds
214,Faanui,PF,2022-12-09 18:31:02,-16.4833,-151.75,80.06,73,41,9.24,scattered clouds
215,Natal,BR,2022-12-09 18:31:03,-5.795,-35.2094,86.65,61,40,14.97,scattered clouds
216,Tilichiki,RU,2022-12-09 18:31:03,60.4667,166.1,5.32,88,100,9.19,overcast clouds
217,Mahajanga,MG,2022-12-09 18:31:04,-15.7167,46.3167,82.42,65,40,4.61,scattered clouds
218,Zitiste,RS,2022-12-09 18:31:04,45.485,20.5497,52.11,80,100,17.36,overcast clouds
219,Krasnoye,UA,2022-12-09 18:31:05,49.9145,24.6134,36.07,95,100,7.45,overcast clouds
220,Grand Gaube,MU,2022-12-09 18:31:05,-20.0064,57.6608,77.4,75,72,5.01,moderate rain
221,Saint Andrews,US,2022-12-09 18:28:13,34.0454,-81.1293,54.66,79,100,8.05,overcast clouds
222,Dingle,PH,2022-12-09 18:31:06,10.9995,122.6711,74.8,94,100,0.96,overcast clouds
223,Megion,RU,2022-12-09 18:31:06,61.0296,76.1136,-19.98,96,13,9.01,few clouds
224,Mahibadhoo,MV,2022-12-09 18:31:07,3.7833,72.9667,81.32,78,100,17.09,moderate rain
225,Muyezerskiy,RU,2022-12-09 18:31:08,63.9333,31.65,19.71,96,100,7.14,overcast clouds
226,Sorland,NO,2022-12-09 18:31:08,67.667,12.6934,35.46,58,5,20.4,clear sky
227,Sitka,US,2022-12-09 18:31:09,57.0531,-135.33,35.49,80,100,14.97,snow
228,Turtas,RU,2022-12-09 18:31:09,58.9417,69.1325,6.31,96,100,2.46,light snow
229,Mitu,CO,2022-12-09 18:31:10,1.1983,-70.1733,72.59,98,100,1.5,overcast clouds
230,Praya,CV,2022-12-09 18:31:10,14.9215,-23.5087,81.14,57,20,13.8,few clouds
231,Orcopampa,PE,2022-12-09 18:31:11,-15.2661,-72.3417,56.35,54,87,2.84,overcast clouds
232,Bilma,NE,2022-12-09 18:31:11,18.6853,12.9164,71.1,16,0,5.79,clear sky
233,Ahipara,NZ,2022-12-09 18:32:12,-35.1667,173.1667,65.16,89,100,6.82,light rain
234,Santa Lucia,ES,2022-12-09 18:27:23,27.9117,-15.5407,63.72,88,20,3.44,few clouds
235,Hirara,JP,2022-12-09 18:32:12,24.8,125.2833,73.69,77,96,29.89,overcast clouds
236,Ust-Kulom,RU,2022-12-09 18:32:13,61.6864,53.6902,8.19,98,100,0.4,overcast clouds
237,Kabompo,ZM,2022-12-09 18:32:13,-13.5927,24.2008,62.31,96,27,2.01,scattered clouds
238,College,US,2022-12-09 18:32:14,64.8569,-147.8028,13.95,81,100,9.22,light snow
239,Ostrovnoy,RU,2022-12-09 18:32:14,68.0531,39.5131,20.32,84,100,23.82,overcast clouds
240,Vestmanna,FO,2022-12-09 18:32:15,62.1564,-7.1664,34.72,87,75,12.66,light rain
241,Porto Santo,PT,2022-12-09 18:32:15,33.072,-16.3415,66.58,72,40,16.11,scattered clouds
242,Poum,NC,2022-12-09 18:32:16,-20.2333,164.0167,80.38,79,0,9.17,clear sky
243,The Valley,AI,2022-12-09 18:32:16,18.217,-63.0578,82.81,57,20,3.44,few clouds
244,Namibe,AO,2022-12-09 18:32:16,-15.1961,12.1522,70.72,65,98,8.12,overcast clouds
245,Gorontalo,ID,2022-12-09 18:32:17,0.5412,123.0595,74.43,93,86,2.59,overcast clouds
246,Yahotyn,UA,2022-12-09 18:32:17,50.2798,31.7625,33.58,100,100,3.0,overcast clouds
247,Flinders,AU,2022-12-09 18:32:18,-34.5833,150.8552,53.38,78,92,6.31,overcast clouds
248,Salina Cruz,MX,2022-12-09 18:32:18,16.1667,-95.2,87.66,42,0,24.23,clear sky
249,Hithadhoo,MV,2022-12-09 18:32:19,-0.6,73.0833,82.04,76,100,15.73,overcast clouds
250,Ploemeur,FR,2022-12-09 18:32:19,47.7333,-3.4333,39.94,78,0,4.61,clear sky
251,Beaupre,CA,2022-12-09 18:32:20,47.0443,-70.8953,33.53,60,6,16.11,clear sky
252,Zorritos,PE,2022-12-09 18:32:20,-3.6805,-80.6782,80.89,70,99,10.09,overcast clouds
253,Mucurapo,TT,2022-12-09 18:32:22,10.6667,-61.5333,84.25,67,100,10.25,overcast clouds
254,Tiznit,MA,2022-12-09 18:32:22,29.5833,-9.5,62.38,79,53,5.41,light rain
255,Emerald,AU,2022-12-09 18:32:23,-23.5333,148.1667,73.35,88,2,9.6,clear sky
256,Bambous Virieux,MU,2022-12-09 18:32:23,-20.3428,57.7575,77.25,78,40,9.22,light rain
257,Itaituba,BR,2022-12-09 18:32:24,-4.2761,-55.9836,93.36,55,40,9.22,scattered clouds
258,Galle,LK,2022-12-09 18:32:24,6.0367,80.217,78.51,85,100,11.56,light rain
259,Lahij,YE,2022-12-09 18:32:24,13.1667,44.5833,70.83,78,35,4.97,scattered clouds
260,Kizema,RU,2022-12-09 18:32:25,61.113,44.8302,14.49,97,100,3.47,overcast clouds
261,Campos Belos,BR,2022-12-09 18:32:25,-13.0367,-46.7717,76.19,86,100,4.5,moderate rain
262,El Paujil,CO,2022-12-09 18:32:26,1.5701,-75.3286,87.13,51,100,3.4,overcast clouds
263,Andapa,MG,2022-12-09 18:32:26,-14.65,49.65,67.44,97,21,3.24,few clouds
264,Baiquan,CN,2022-12-09 18:32:27,47.5833,126.0833,-7.53,100,76,4.9,broken clouds
265,Lalmohan,BD,2022-12-09 18:32:27,22.3384,90.7419,69.12,54,62,7.7,broken clouds
266,Arraial Do Cabo,BR,2022-12-09 18:32:28,-22.9661,-42.0278,84.16,65,0,14.97,clear sky
267,Viedma,AR,2022-12-09 18:32:29,-40.8135,-62.9967,81.07,21,80,14.43,broken clouds
268,Paamiut,GL,2022-12-09 18:32:29,61.994,-49.6678,27.99,72,58,16.08,broken clouds
269,Muroto,JP,2022-12-09 18:32:29,33.2833,134.15,57.96,73,100,14.07,overcast clouds
270,Boca Do Acre,BR,2022-12-09 18:32:30,-8.7522,-67.3978,92.66,45,25,3.31,scattered clouds
271,San Carlos De Bariloche,AR,2022-12-09 18:32:30,-41.1456,-71.3082,64.15,34,40,25.32,scattered clouds
272,Port Augusta,AU,2022-12-09 18:32:31,-32.5,137.7667,74.34,24,100,6.44,overcast clouds
273,Broome,US,2022-12-09 18:32:31,42.2506,-75.833,39.7,70,75,8.05,broken clouds
274,Nauta,PE,2022-12-09 18:32:32,-4.5061,-73.5757,81.77,73,100,4.97,overcast clouds
275,Ambulu,ID,2022-12-09 18:32:32,-8.345,113.6058,74.19,87,89,3.47,overcast clouds
276,Pastavy,BY,2022-12-09 18:32:32,55.1168,26.8326,27.41,98,100,3.18,light snow
277,Owensboro,US,2022-12-09 18:32:33,37.7742,-87.1133,54.16,100,100,4.61,mist
278,Sharlyk,RU,2022-12-09 18:32:33,52.9167,54.75,-10.25,96,27,4.21,scattered clouds
279,La Ronge,CA,2022-12-09 18:30:16,55.1001,-105.2842,3.45,72,75,3.44,broken clouds
280,Nome,US,2022-12-09 18:31:36,64.5011,-165.4064,19.47,86,100,16.11,snow
281,Chetumal,MX,2022-12-09 18:33:34,18.5,-88.3,82.45,69,75,0.0,light rain
282,Walvis Bay,NA,2022-12-09 18:33:35,-22.9575,14.5053,67.15,72,0,13.8,clear sky
283,Clocolan,ZA,2022-12-09 18:33:35,-28.9137,27.5656,60.67,83,69,6.53,broken clouds
284,Nebug,RU,2022-12-09 18:33:36,44.1714,39.0036,52.3,80,100,5.79,overcast clouds
285,Beringovskiy,RU,2022-12-09 18:33:36,63.05,179.3167,15.06,88,100,2.46,overcast clouds
286,Masty,BY,2022-12-09 18:33:36,53.4122,24.5387,27.86,98,99,2.55,overcast clouds
287,Honningsvag,NO,2022-12-09 18:33:37,70.9821,25.9704,29.95,74,75,8.05,broken clouds
288,Pangkalanbuun,ID,2022-12-09 18:33:37,-2.6833,111.6167,73.15,95,35,2.64,scattered clouds
289,Hampton,US,2022-12-09 18:30:34,37.0299,-76.3452,52.18,69,0,12.66,clear sky
290,Marzuq,YE,2022-12-09 18:33:38,14.4,46.4667,62.82,48,6,1.79,clear sky
291,Aureliana,PH,2022-12-09 18:33:38,10.8885,121.978,76.39,95,100,4.74,overcast clouds
292,Puerto Cabezas,NI,2022-12-09 18:33:39,14.0351,-83.3888,79.03,81,11,10.13,few clouds
293,Waddan,LY,2022-12-09 18:33:39,29.1614,16.139,68.43,28,0,0.96,clear sky
294,Nanortalik,GL,2022-12-09 18:33:40,60.1432,-45.2371,23.88,81,2,6.82,clear sky
295,Teknaf,BD,2022-12-09 18:33:40,20.8624,92.3058,74.07,65,93,6.67,overcast clouds
296,Itoman,JP,2022-12-09 18:33:41,26.1247,127.6694,68.02,92,75,14.97,broken clouds
297,Micheweni,TZ,2022-12-09 18:33:41,-4.9667,39.8333,79.81,81,34,9.08,scattered clouds
298,Ottumwa,US,2022-12-09 18:33:41,41.02,-92.4113,40.95,93,100,8.05,overcast clouds
299,Yar-Sale,RU,2022-12-09 18:33:19,66.8333,70.8333,-9.47,96,64,12.24,broken clouds
300,Umm Bab,QA,2022-12-09 18:33:42,25.2142,50.8072,70.32,54,2,15.88,clear sky
301,Hasaki,JP,2022-12-09 18:33:43,35.7333,140.8333,41.4,76,98,10.69,overcast clouds
302,Rundu,NA,2022-12-09 18:33:43,-17.9333,19.7667,72.7,69,74,6.11,light rain
303,Turayf,SA,2022-12-09 18:33:44,31.6725,38.6637,53.85,94,75,11.5,broken clouds
304,Cantapoy,PH,2022-12-09 18:33:44,9.4906,125.4364,76.84,90,100,4.03,overcast clouds
305,Dikson,RU,2022-12-09 18:33:44,73.5069,80.5464,-0.26,94,100,12.68,overcast clouds
306,Sakakah,SA,2022-12-09 18:33:45,29.9697,40.2064,60.37,53,2,7.85,clear sky
307,Makakilo City,US,2022-12-09 18:33:45,21.3469,-158.0858,76.44,59,40,19.57,scattered clouds
308,Airai,TL,2022-12-09 18:33:46,-8.9266,125.4092,59.43,56,100,2.55,overcast clouds
309,Samarai,PG,2022-12-09 18:33:46,-10.6167,150.6667,82.44,78,100,5.82,overcast clouds
310,Palencia,ES,2022-12-09 18:33:46,42.4167,-4.5,46.92,92,100,5.35,light rain
311,Inhambane,MZ,2022-12-09 18:33:47,-23.865,35.3833,77.86,76,0,12.35,clear sky
312,Tucuma,BR,2022-12-09 18:33:48,-0.1833,-50.05,86.54,59,48,8.14,scattered clouds
313,Mayumba,GA,2022-12-09 18:33:48,-3.432,10.6554,77.27,85,100,4.85,light rain
314,Waterloo,CA,2022-12-09 18:32:18,43.4668,-80.5164,32.47,87,100,11.5,overcast clouds
315,Hashima,JP,2022-12-09 18:33:49,35.3158,136.6985,47.61,61,89,3.62,overcast clouds
316,Grand-Lahou,CI,2022-12-09 18:33:49,5.1367,-5.0242,79.59,82,4,6.42,clear sky
317,Katsuura,JP,2022-12-09 18:33:50,35.1333,140.3,51.55,81,97,8.46,overcast clouds
318,Provideniya,RU,2022-12-09 18:33:50,64.3833,-173.3,27.95,77,88,22.75,overcast clouds
319,Menongue,AO,2022-12-09 18:33:50,-14.6585,17.691,64.78,91,100,8.95,light rain
320,Hirado,JP,2022-12-09 18:33:51,33.3597,129.5531,56.48,60,1,12.33,clear sky
321,Upernavik,GL,2022-12-09 18:33:51,72.7868,-56.1549,33.33,79,100,20.27,overcast clouds
322,Balsas,BR,2022-12-09 18:33:52,-7.5325,-46.0356,86.76,52,100,3.53,overcast clouds
323,Contamana,PE,2022-12-09 18:33:52,-7.3333,-75.0167,92.52,42,98,6.4,overcast clouds
324,Srandakan,ID,2022-12-09 18:33:53,-7.9386,110.2506,77.5,84,82,4.92,broken clouds
325,Mana,GF,2022-12-09 18:33:53,5.6592,-53.7767,81.41,75,97,8.3,light rain
326,Matucana,PE,2022-12-09 18:34:54,-11.85,-76.4,67.28,59,100,7.81,overcast clouds
327,Purgstall,AT,2022-12-09 18:34:54,48.0584,15.1348,37.54,98,98,2.28,overcast clouds
328,Ponta Delgada,PT,2022-12-09 18:34:54,37.7333,-25.6667,63.5,82,40,20.71,moderate rain
329,Chuy,UY,2022-12-09 18:34:55,-33.6971,-53.4616,92.5,31,1,9.98,clear sky
330,Portland,US,2022-12-09 18:32:41,45.5234,-122.6762,43.81,92,100,13.8,light rain
331,Hohhot,CN,2022-12-09 18:34:55,40.8106,111.6522,8.89,61,0,8.95,clear sky
332,Tarko-Sale,RU,2022-12-09 18:34:56,64.9225,77.785,-3.96,96,100,17.74,overcast clouds
333,Brae,GB,2022-12-09 18:34:56,60.3964,-1.353,38.7,73,100,19.01,light rain
334,Udachnyy,RU,2022-12-09 18:34:57,66.4167,112.4,-22.56,67,100,4.72,overcast clouds
335,Tooele,US,2022-12-09 18:33:52,40.5308,-112.2983,39.96,60,33,8.1,scattered clouds
336,Kutum,SD,2022-12-09 18:34:57,14.2,24.6667,64.22,19,100,10.04,overcast clouds
337,Antofagasta,CL,2022-12-09 18:34:58,-23.65,-70.4,70.88,69,100,6.38,overcast clouds
338,Cidreira,BR,2022-12-09 18:34:58,-30.1811,-50.2056,76.64,74,0,12.84,clear sky
339,Beira,MZ,2022-12-09 18:34:59,-19.8436,34.8389,80.69,78,20,10.36,few clouds
340,Paciran,ID,2022-12-09 18:34:59,-6.8767,112.3761,77.14,86,64,7.76,moderate rain
341,Mount Gambier,AU,2022-12-09 18:31:42,-37.8333,140.7667,44.37,82,0,5.75,clear sky
342,Bilibino,RU,2022-12-09 18:35:00,68.0546,166.4372,-2.16,100,100,4.25,overcast clouds
343,Borna,DE,2022-12-09 18:35:00,51.1167,12.5,37.08,92,100,5.75,overcast clouds
344,Linxia,CN,2022-12-09 18:35:01,35.6003,103.2064,24.31,56,88,3.94,overcast clouds
345,Lixourion,GR,2022-12-09 18:35:01,38.2019,20.4314,62.6,88,40,8.05,scattered clouds
346,Souillac,MU,2022-12-09 18:35:01,-20.5167,57.5167,77.38,78,40,9.22,scattered clouds
347,Mikhaylovka,RU,2022-12-09 18:31:41,50.06,43.2379,25.79,84,85,17.65,overcast clouds
348,Mollendo,PE,2022-12-09 18:35:02,-17.0231,-72.0147,67.66,87,100,4.79,overcast clouds
349,Sao Filipe,CV,2022-12-09 18:35:03,14.8961,-24.4956,77.41,72,5,6.78,clear sky
350,Kasane,BW,2022-12-09 18:35:03,-17.8167,25.15,71.69,88,0,2.3,moderate rain
351,Elliot Lake,CA,2022-12-09 18:35:03,46.3834,-82.6331,28.13,47,1,8.5,clear sky
352,Nanakuli,US,2022-12-09 18:35:04,21.3906,-158.1547,76.95,55,40,10.36,scattered clouds
353,Ambon,ID,2022-12-09 18:35:04,-3.6954,128.1814,77.23,15,20,9.22,few clouds
354,Garowe,SO,2022-12-09 18:35:05,8.4054,48.4845,74.26,58,97,14.54,overcast clouds
355,Puerto Del Rosario,ES,2022-12-09 18:35:05,28.5004,-13.8627,73.15,73,20,6.91,few clouds
356,Moranbah,AU,2022-12-09 18:35:06,-22.0016,148.0466,75.06,80,0,3.53,clear sky
357,Mildura,AU,2022-12-09 18:35:06,-34.2,142.15,58.46,37,1,7.72,clear sky
358,Kodiak,US,2022-12-09 18:35:07,57.79,-152.4072,26.11,54,0,32.21,clear sky
359,Warah,PK,2022-12-09 18:35:07,27.4481,67.7978,67.69,27,1,8.21,clear sky
360,Los Llanos De Aridane,ES,2022-12-09 18:35:08,28.6585,-17.9182,69.55,98,40,3.44,scattered clouds
361,Totness,SR,2022-12-09 18:35:09,5.8833,-56.3167,81.64,73,67,8.01,broken clouds
362,Wanaka,NZ,2022-12-09 18:35:09,-44.7,169.15,56.1,78,3,1.01,clear sky
363,Kahului,US,2022-12-09 18:35:09,20.8947,-156.47,76.84,69,20,17.27,few clouds
364,Grindavik,IS,2022-12-09 18:35:10,63.8424,-22.4338,32.47,74,20,16.11,few clouds
365,Neuquen,AR,2022-12-09 18:35:10,-38.9516,-68.0591,84.09,24,0,8.05,clear sky
366,Dunedin,NZ,2022-12-09 18:35:11,-45.8742,170.5036,57.4,82,0,4.85,clear sky
367,Pontianak,ID,2022-12-09 18:35:11,-0.0333,109.3333,75.18,94,75,3.44,light rain
368,Synya,RU,2022-12-09 18:35:12,65.3718,58.0387,-13.54,98,6,4.18,clear sky
369,Wawa,NG,2022-12-09 18:35:12,9.9022,4.4192,81.68,24,0,4.61,clear sky
370,Rio Grande,BR,2022-12-09 18:35:12,-32.035,-52.0986,95.11,58,0,12.55,clear sky
371,Punta Alta,AR,2022-12-09 18:35:13,-38.8759,-62.0736,88.54,39,9,14.85,clear sky
372,Londoko,RU,2022-12-09 18:35:13,49.0333,131.9833,-6.54,99,79,3.13,broken clouds
373,Aneho,TG,2022-12-09 18:35:14,6.2333,1.6,84.4,79,0,11.45,clear sky
374,Rioja,AR,2022-12-09 18:36:14,-29.4111,-66.8507,105.91,19,13,6.4,few clouds
375,Chaibasa,IN,2022-12-09 18:36:15,22.5667,85.8167,61.3,37,94,1.97,overcast clouds
376,Bongaree,AU,2022-12-09 18:36:15,-27.0797,153.1586,72.05,74,94,11.65,overcast clouds
377,Camacari,BR,2022-12-09 18:36:16,-12.6975,-38.3242,82.17,70,100,9.62,overcast clouds
378,Saint-Pierre,RE,2022-12-09 18:36:16,-21.3393,55.4781,76.91,83,40,24.16,light rain
379,Saint Anthony,US,2022-12-09 18:36:17,45.0205,-93.218,31.24,81,100,9.22,overcast clouds
380,Kant,IN,2022-12-09 18:36:17,27.8,79.8,61.84,37,0,3.96,clear sky
381,Alofi,NU,2022-12-09 18:35:38,-19.0595,-169.9187,75.09,100,100,1.14,light rain
382,Komsomolskiy,UZ,2022-12-09 18:36:18,40.4272,71.7189,27.32,80,100,2.3,mist
383,Port Hope,US,2022-12-09 18:36:18,43.9408,-82.7127,33.87,75,17,14.97,few clouds
384,Lazaro Cardenas,MX,2022-12-09 18:31:39,17.9583,-102.2,83.03,65,0,8.5,clear sky
385,Eston,CA,2022-12-09 18:36:06,51.1501,-108.7514,24.93,83,100,9.53,overcast clouds
386,Kholmogory,RU,2022-12-09 18:36:19,64.2229,41.656,13.39,96,91,5.37,overcast clouds
387,Sao Felix Do Xingu,BR,2022-12-09 18:36:20,-6.6447,-51.995,87.69,57,100,1.83,overcast clouds
388,Chernyshevsk,RU,2022-12-09 18:36:20,52.5243,117.0174,-19.12,100,67,0.83,broken clouds
389,Gat,IL,2022-12-09 18:36:20,31.61,34.7642,62.4,74,0,4.7,clear sky
390,Miyako,JP,2022-12-09 18:36:21,39.6367,141.9525,37.13,86,17,5.44,few clouds
391,Lebu,CL,2022-12-09 18:36:21,-37.6167,-73.65,64.53,70,100,8.81,overcast clouds
392,Rafai,CF,2022-12-09 18:36:22,4.95,23.9167,75.49,57,90,2.53,overcast clouds
393,Zhuji,CN,2022-12-09 18:36:22,29.7188,120.2423,51.46,92,100,0.92,overcast clouds
394,Stornoway,GB,2022-12-09 18:36:23,58.2093,-6.3865,35.56,93,40,6.91,scattered clouds
395,Meybod,IR,2022-12-09 18:36:23,32.2501,54.0166,46.42,43,12,8.95,few clouds
396,Kyaukse,MM,2022-12-09 18:36:24,21.6,96.1333,67.51,70,16,3.06,few clouds
397,Dolores,AR,2022-12-09 18:36:24,-36.3132,-57.6792,104.77,17,49,15.46,scattered clouds
398,Shahrud,IR,2022-12-09 18:36:24,36.4182,54.9763,35.8,71,100,3.94,overcast clouds
399,Pavlovskiy,RU,2022-12-09 18:36:25,57.8424,54.8436,15.19,94,100,8.52,light snow
400,Tecoanapa,MX,2022-12-09 18:36:25,16.5167,-98.75,82.51,64,0,8.79,clear sky
401,Maceio,BR,2022-12-09 18:36:26,-9.6658,-35.7353,87.24,70,40,19.57,scattered clouds
402,Penzance,GB,2022-12-09 18:36:26,50.1186,-5.5371,34.77,67,10,4.14,clear sky
403,Aguimes,ES,2022-12-09 18:36:27,27.9054,-15.4461,68.63,88,20,3.44,few clouds
404,Anchorage,US,2022-12-09 18:31:55,61.2181,-149.9003,8.31,84,0,5.75,clear sky
405,Mattru,SL,2022-12-09 18:36:27,7.6244,-11.8332,79.68,76,84,4.81,broken clouds
406,Pevek,RU,2022-12-09 18:36:28,69.7008,170.3133,-6.93,90,100,5.75,overcast clouds
407,Mount Isa,AU,2022-12-09 18:36:28,-20.7333,139.5,82.17,11,0,9.22,clear sky
408,Rancho Palos Verdes,US,2022-12-09 18:36:29,33.7445,-118.387,61.95,71,0,3.0,clear sky
409,Lasa,IT,2022-12-09 18:36:29,46.6166,10.7002,36.48,97,100,1.86,overcast clouds
410,High Level,CA,2022-12-09 18:36:29,58.5169,-117.136,3.31,85,100,0.0,light snow
411,Sibolga,ID,2022-12-09 18:36:30,1.7427,98.7792,74.16,88,100,3.42,overcast clouds
412,Mayo,US,2022-12-09 18:36:31,38.8876,-76.5119,51.13,57,0,10.36,clear sky
413,Batagay,RU,2022-12-09 18:36:31,67.6333,134.6333,-42.43,100,88,3.36,overcast clouds
414,Itarema,BR,2022-12-09 18:36:32,-2.9248,-39.9167,84.33,64,71,16.26,broken clouds
415,Tutoia,BR,2022-12-09 18:36:32,-2.7619,-42.2744,83.46,68,32,11.72,scattered clouds
416,Liverpool,GB,2022-12-09 18:36:33,53.4106,-2.9779,36.43,95,20,4.61,light rain
417,Iquitos,PE,2022-12-09 18:36:33,-3.7481,-73.2472,82.44,89,75,6.91,broken clouds
418,Kamakhyanagar,IN,2022-12-09 18:33:29,20.9333,85.55,66.25,44,99,1.5,overcast clouds
419,Puerto Maldonado,PE,2022-12-09 18:37:34,-12.6,-69.1833,93.6,59,40,6.91,scattered clouds
420,Montmagny,FR,2022-12-09 18:33:59,48.9734,2.3469,35.64,92,75,6.91,mist
421,Caceres,ES,2022-12-09 18:37:34,39.522,-6.3748,51.89,96,46,7.81,scattered clouds
422,Pleasanton,US,2022-12-09 18:34:45,37.6624,-121.8747,55.08,86,93,2.95,overcast clouds
423,Lambarene,GA,2022-12-09 18:37:35,-0.7001,10.2406,77.43,87,20,2.8,moderate rain
424,Sinnamary,GF,2022-12-09 18:37:35,5.3833,-52.95,81.23,76,100,7.56,overcast clouds
425,Ryabovo,RU,2022-12-09 18:37:36,59.4,31.1333,27.91,92,89,8.05,overcast clouds
426,Kirakira,SB,2022-12-09 18:37:36,-10.4544,161.9205,79.86,81,100,2.1,overcast clouds
427,Erzin,TR,2022-12-09 18:37:37,36.9559,36.2,56.1,64,100,4.68,overcast clouds
428,Kloulklubed,PW,2022-12-09 18:37:37,7.0419,134.2556,73.9,72,84,6.49,broken clouds
429,Zonguldak,TR,2022-12-09 18:37:38,41.25,31.8333,50.0,68,100,4.9,overcast clouds
430,Matagami,CA,2022-12-09 18:37:38,49.7502,-77.6328,5.11,78,75,3.44,broken clouds
431,Islamkot,PK,2022-12-09 18:37:39,24.6997,70.177,65.25,34,0,4.68,clear sky
432,Omboue,GA,2022-12-09 18:37:39,-1.5746,9.2618,78.39,85,83,8.03,light rain
433,Novi Pazar,RS,2022-12-09 18:37:39,43.1367,20.5122,47.88,92,100,5.39,overcast clouds
434,Georgetown,MY,2022-12-09 18:37:40,5.4112,100.3354,78.89,90,20,6.91,few clouds
435,Methven,NZ,2022-12-09 18:37:40,-43.6333,171.65,59.02,59,1,7.0,clear sky
436,Villarrica,PY,2022-12-09 18:37:41,-25.75,-56.4333,85.84,65,100,13.09,overcast clouds
437,Ampanihy,MG,2022-12-09 18:37:41,-24.7,44.75,77.4,70,2,13.06,clear sky
438,Carutapera,BR,2022-12-09 18:37:42,-1.195,-46.02,85.08,62,20,8.97,few clouds
439,Sola,VU,2022-12-09 18:37:42,-13.8833,167.55,74.07,100,100,0.0,overcast clouds
440,Beaune,FR,2022-12-09 18:37:42,47.0833,4.75,33.62,82,96,4.63,overcast clouds
441,Bobrovytsya,UA,2022-12-09 18:37:43,50.75,31.3833,33.8,100,100,4.54,overcast clouds
442,Fortuna,US,2022-12-09 18:37:43,40.5982,-124.1573,44.94,89,20,17.27,few clouds
443,San Cristobal,VE,2022-12-09 18:37:44,7.7669,-72.225,71.78,50,54,2.71,broken clouds
444,Truro,GB,2022-12-09 18:37:44,50.2653,-5.0544,36.68,80,20,8.05,few clouds
445,Solhan,TR,2022-12-09 18:37:45,38.9634,41.0293,37.99,75,91,2.44,overcast clouds
446,Kavaratti,IN,2022-12-09 18:37:45,10.5669,72.642,81.46,69,100,11.01,overcast clouds
447,Starkville,US,2022-12-09 18:33:58,33.4504,-88.8184,69.44,94,100,3.44,mist
448,Katangli,RU,2022-12-09 18:37:46,51.7102,143.2326,2.37,94,100,4.27,overcast clouds
449,Skelleftea,SE,2022-12-09 18:37:46,64.7507,20.9528,25.16,100,100,12.66,light snow
450,Port Blair,IN,2022-12-09 18:37:46,11.6667,92.75,75.24,94,20,1.14,mist
451,Port Arthur,CN,2022-12-09 18:37:47,38.8,121.2667,42.91,45,100,4.18,overcast clouds
452,Killybegs,IE,2022-12-09 18:37:47,54.6333,-8.45,37.11,68,82,7.36,moderate rain
453,Sai Buri,TH,2022-12-09 18:37:48,6.7013,101.6168,74.12,89,98,1.52,overcast clouds
454,Karpinsk,RU,2022-12-09 18:37:48,59.7654,60.0085,10.8,82,99,5.39,overcast clouds
455,Svetlogorsk,BY,2022-12-09 18:37:49,52.6333,29.7333,31.69,99,100,5.86,light snow
456,Fairbanks,US,2022-12-09 18:35:33,64.8378,-147.7164,13.96,81,100,9.22,light snow
457,Port Hardy,CA,2022-12-09 18:37:49,50.6996,-127.4199,37.58,81,100,24.16,overcast clouds
458,Kenora,CA,2022-12-09 18:34:49,49.8167,-94.4337,20.37,93,100,6.91,mist
459,Ilam,NP,2022-12-09 18:37:50,26.9167,87.9167,52.99,73,7,5.3,clear sky
460,Mackay,AU,2022-12-09 18:37:50,-21.15,149.2,78.67,75,75,7.0,broken clouds
461,Half Moon Bay,US,2022-12-09 18:33:18,37.4636,-122.4286,55.22,77,0,5.75,haze
462,Richards Bay,ZA,2022-12-09 18:37:51,-28.783,32.0377,74.48,87,8,9.04,clear sky
463,Ozark,US,2022-12-09 18:37:51,37.0209,-93.206,54.81,70,85,3.0,overcast clouds
464,Nalut,LY,2022-12-09 18:37:52,30.3333,10.85,72.77,22,100,9.01,overcast clouds
465,Saldanha,ZA,2022-12-09 18:37:52,-33.0117,17.9442,69.85,87,0,2.73,clear sky
466,Takestan,IR,2022-12-09 18:37:53,36.0696,49.6959,36.84,80,80,5.06,broken clouds
467,Wuxue,CN,2022-12-09 18:38:53,29.8506,115.5525,48.38,78,39,1.81,scattered clouds
468,Acapulco,MX,2022-12-09 18:36:44,16.8634,-99.8901,87.62,55,0,4.61,clear sky
469,Palauig,PH,2022-12-09 18:38:54,15.435,119.9045,78.58,86,100,12.82,overcast clouds
470,Davila,PH,2022-12-09 18:38:54,18.4726,120.5763,76.98,78,71,19.17,broken clouds
471,Laje,BR,2022-12-09 18:38:55,-10.1833,-40.9667,89.73,30,100,7.18,overcast clouds
472,Ballina,AU,2022-12-09 18:38:55,-28.8667,153.5667,64.02,99,100,4.61,light rain
473,Madang,PG,2022-12-09 18:38:55,-5.2246,145.7966,76.23,90,100,4.54,overcast clouds
474,Iqaluit,CA,2022-12-09 18:38:56,63.7506,-68.5145,-4.27,84,75,4.61,broken clouds
475,Buraydah,SA,2022-12-09 18:38:57,26.326,43.975,59.45,56,68,6.44,broken clouds
476,Sioux Lookout,CA,2022-12-09 18:38:57,50.1001,-91.917,19.47,93,100,6.91,overcast clouds
477,Jodhpur,IN,2022-12-09 18:38:57,26.2867,73.03,64.51,30,0,6.02,clear sky
478,Riacho De Santana,BR,2022-12-09 18:38:58,-13.6092,-42.9389,76.87,80,100,9.26,overcast clouds
479,Havre-Saint-Pierre,CA,2022-12-09 18:38:58,50.2334,-63.5986,32.36,93,100,11.5,mist
480,Arlit,NE,2022-12-09 18:38:59,18.7369,7.3853,75.33,12,0,8.97,clear sky
481,Gamba,GA,2022-12-09 18:38:59,-2.65,10.0,76.93,86,100,6.69,light rain
482,Turbana,CO,2022-12-09 18:38:59,10.2717,-75.4422,86.81,61,15,4.59,few clouds
483,Fernandina Beach,US,2022-12-09 18:38:31,30.6697,-81.4626,83.01,61,0,6.91,clear sky
484,Bodden Town,KY,2022-12-09 18:39:00,19.2833,-81.25,84.2,66,20,13.8,few clouds
485,Zabid,YE,2022-12-09 18:39:01,14.1951,43.3152,76.71,74,5,4.45,clear sky
486,Sadovoye,RU,2022-12-09 18:39:01,47.7764,44.5089,25.61,81,25,16.15,scattered clouds
487,Caucel,MX,2022-12-09 18:39:02,21.0167,-89.7167,86.07,47,40,9.22,scattered clouds
488,San Quintin,MX,2022-12-09 18:39:02,30.4833,-115.95,60.66,58,0,12.64,clear sky
489,Vila Franca Do Campo,PT,2022-12-09 18:39:03,37.7167,-25.4333,63.19,88,100,17.05,light rain
490,Klaksvik,FO,2022-12-09 18:39:03,62.2266,-6.589,36.52,72,100,31.25,light rain
491,Mwene-Ditu,CD,2022-12-09 18:39:04,-7.0,23.45,64.09,96,61,1.81,broken clouds
492,Jiuquan,CN,2022-12-09 18:39:04,39.7432,98.5174,18.86,66,100,6.78,overcast clouds
493,Diebougou,BF,2022-12-09 18:39:04,10.9667,-3.25,84.47,19,0,4.29,clear sky
494,Eureka,US,2022-12-09 18:36:17,40.8021,-124.1637,45.21,90,100,7.0,overcast clouds
495,Polis,CY,2022-12-09 18:39:05,35.0367,32.4264,60.62,78,5,3.02,clear sky
496,Inirida,CO,2022-12-09 18:39:05,3.8653,-67.9239,83.88,70,100,1.1,overcast clouds
497,Westport,US,2022-12-09 18:39:06,41.1415,-73.3579,48.02,47,0,11.5,clear sky
498,Ca Mau,VN,2022-12-09 18:39:06,9.1769,105.15,73.94,94,100,4.99,overcast clouds
499,Taoudenni,ML,2022-12-09 18:39:07,22.6783,-3.9836,83.01,12,9,5.66,clear sky
500,Krasnaya Gora,RU,2022-12-09 18:39:07,52.9995,31.6023,30.94,99,100,6.49,light snow
501,Doba,TD,2022-12-09 18:39:08,8.65,16.85,76.57,24,0,3.27,clear sky
502,Mae Chan,TH,2022-12-09 18:39:08,20.1467,99.8526,69.46,87,1,2.39,clear sky
503,Leningradskiy,RU,2022-12-09 18:39:09,69.3833,178.4167,-12.24,92,57,5.53,broken clouds
504,Deputatskiy,RU,2022-12-09 18:39:09,69.3,139.9,-39.05,98,89,4.76,overcast clouds
505,Tautira,PF,2022-12-09 18:39:09,-17.7333,-149.15,78.62,77,30,8.81,scattered clouds
506,Mpanda,TZ,2022-12-09 18:39:10,-6.3655,31.0409,64.81,96,24,3.31,few clouds
507,Muravlenko,RU,2022-12-09 18:39:11,63.7898,74.523,-14.04,97,99,17.43,overcast clouds
508,Yarim,YE,2022-12-09 18:39:11,14.298,44.3779,50.86,45,14,4.38,few clouds
509,Gaffney,US,2022-12-09 18:39:11,35.0718,-81.6498,52.18,71,100,5.91,overcast clouds
510,Xinzhi,CN,2022-12-09 18:39:12,36.4989,111.7047,36.63,42,95,9.84,overcast clouds
511,Narwar,IN,2022-12-09 18:39:13,25.65,77.9,57.87,45,0,0.36,clear sky
512,Champerico,GT,2022-12-09 18:39:13,14.3,-91.9167,90.14,67,0,6.8,clear sky
513,Kampot,KH,2022-12-09 18:36:54,10.6167,104.1833,77.05,80,100,3.98,overcast clouds
514,Marawi,PH,2022-12-09 18:40:14,7.9986,124.2928,68.72,95,99,4.36,overcast clouds
515,Launceston,AU,2022-12-09 18:40:14,-41.45,147.1667,48.15,90,19,8.05,few clouds
516,Maamba,ZM,2022-12-09 18:40:15,-17.3667,27.15,70.54,86,75,0.29,light rain
517,Provost,CA,2022-12-09 18:40:14,52.3501,-110.2683,23.45,91,100,3.56,overcast clouds
518,Nemuro,JP,2022-12-09 18:40:16,43.3236,145.575,34.11,58,0,8.28,clear sky
519,Kitami,JP,2022-12-09 18:40:16,43.8031,143.8908,28.11,76,5,4.81,clear sky
520,Lewistown,US,2022-12-09 18:40:16,40.5992,-77.5714,44.87,79,0,4.61,clear sky
521,West Bay,KY,2022-12-09 18:40:17,19.3667,-81.4167,84.27,67,20,13.8,few clouds
522,Ruwi,OM,2022-12-09 18:40:17,23.5996,58.5507,74.89,59,1,3.53,clear sky
523,Gunjur,GM,2022-12-09 18:40:18,13.2019,-16.7339,79.11,68,0,9.66,clear sky
524,Clyde River,CA,2022-12-09 18:40:18,70.4692,-68.5914,3.43,78,100,17.27,light snow
525,Weinan,CN,2022-12-09 18:40:19,34.5036,109.5089,42.58,53,99,1.21,overcast clouds
526,Pucallpa,PE,2022-12-09 18:40:20,-8.3791,-74.5539,87.84,66,75,5.75,broken clouds
527,Gull Lake,CA,2022-12-09 18:40:20,50.1001,-108.4847,29.21,79,100,7.67,overcast clouds
528,Namatanai,PG,2022-12-09 18:40:21,-3.6667,152.4333,78.4,81,72,2.57,light rain
529,Mendi,PG,2022-12-09 18:40:21,-6.1761,143.6513,55.35,98,100,2.68,overcast clouds
530,Havelock,US,2022-12-09 18:40:22,34.8791,-76.9013,55.99,74,75,13.8,broken clouds
531,Qaqortoq,GL,2022-12-09 18:40:22,60.7167,-46.0333,17.64,74,0,7.11,clear sky
532,Sechura,PE,2022-12-09 18:40:22,-5.5569,-80.8222,78.39,54,98,12.55,overcast clouds
533,Baykit,RU,2022-12-09 18:40:23,61.67,96.37,0.72,98,100,4.03,overcast clouds
534,Dicabisagan,PH,2022-12-09 18:40:23,17.0818,122.4157,76.75,90,99,8.5,overcast clouds
535,Qandala,SO,2022-12-09 18:40:24,11.472,49.8728,75.83,75,97,5.19,overcast clouds
536,Havre,FR,2022-12-09 18:40:24,49.5833,0.3333,33.57,100,40,3.44,scattered clouds
537,Murgab,TM,2022-12-09 18:40:24,37.4966,61.9714,30.07,64,100,11.5,overcast clouds
538,Bapatla,IN,2022-12-09 18:40:25,15.9,80.4667,70.88,94,100,13.42,overcast clouds
539,Quelimane,MZ,2022-12-09 18:40:25,-17.8786,36.8883,82.35,78,20,6.91,few clouds
540,Kibondo,TZ,2022-12-09 18:40:26,-3.5864,30.7203,61.14,92,100,2.95,overcast clouds
541,Payakumbuh,ID,2022-12-09 18:40:26,-0.2202,100.6308,69.24,97,100,2.53,overcast clouds
542,Jaisinghnagar,IN,2022-12-09 18:40:27,23.7,81.3833,53.78,46,9,2.48,clear sky
543,Oga,IT,2022-12-09 18:40:27,46.4631,10.347,30.74,98,100,0.89,light snow
544,Garmsar,IR,2022-12-09 18:40:28,35.2182,52.3409,45.77,52,8,3.74,clear sky
545,Mascota,MX,2022-12-09 18:40:28,20.5167,-104.7833,82.17,30,39,2.51,scattered clouds
546,Gao,ML,2022-12-09 18:40:29,16.6362,1.637,74.41,11,0,10.74,clear sky
547,Nacala,MZ,2022-12-09 18:40:29,-14.5428,40.6728,76.21,83,5,3.65,clear sky
548,Gurupi,BR,2022-12-09 18:40:29,-11.7292,-49.0686,79.7,77,100,7.36,light rain
549,Carballo,ES,2022-12-09 18:40:30,43.213,-8.691,50.07,90,99,10.63,overcast clouds
550,Hue,VN,2022-12-09 18:40:30,16.4667,107.6,69.91,100,75,3.44,broken clouds
551,Kabo,CF,2022-12-09 18:40:31,7.6994,18.629,77.43,21,26,5.46,scattered clouds
552,Kendari,ID,2022-12-09 18:40:31,-3.945,122.4989,74.48,93,98,3.58,overcast clouds
553,Wuwei,CN,2022-12-09 18:40:32,37.9281,102.6414,20.5,63,100,3.13,overcast clouds
554,Resistencia,AR,2022-12-09 18:35:53,-27.4606,-58.9839,102.18,42,40,8.05,light rain
555,Pangai,TO,2022-12-09 18:37:20,-19.8,-174.35,78.91,83,100,4.61,moderate rain
556,Bago,MM,2022-12-09 18:40:32,17.3367,96.4797,76.84,73,3,3.47,clear sky
557,Hervey Bay,AU,2022-12-09 18:40:33,-25.2986,152.8535,72.21,77,99,12.62,overcast clouds
558,Clemson,US,2022-12-09 18:38:28,34.6834,-82.8374,56.21,86,100,4.61,mist
559,Kaitangata,NZ,2022-12-09 18:40:34,-46.2817,169.8464,55.15,95,73,5.48,broken clouds
560,Sekoma,BW,2022-12-09 18:41:34,-24.4,23.8833,73.58,59,1,16.35,clear sky
561,Luderitz,NA,2022-12-09 18:41:35,-26.6481,15.1594,64.85,84,0,16.17,clear sky
562,Villa Rica,US,2022-12-09 18:41:35,33.7321,-84.9191,70.12,98,100,4.97,overcast clouds
563,Vanavara,RU,2022-12-09 18:41:36,60.34,102.2797,4.06,94,100,8.7,light snow
564,Oildale,US,2022-12-09 18:41:36,35.4197,-119.0195,56.77,62,0,6.91,haze
565,Novaya Lyalya,RU,2022-12-09 18:41:36,59.055,60.599,12.97,81,96,6.98,overcast clouds
566,Magadan,RU,2022-12-09 18:41:37,59.5667,150.8,0.5,85,99,7.16,overcast clouds
567,Zhangjiakou,CN,2022-12-09 18:41:37,40.81,114.8794,16.38,41,0,13.22,clear sky
568,Saint-Joseph,RE,2022-12-09 18:41:38,-21.3667,55.6167,75.58,83,24,11.27,light rain
569,Igdir,TR,2022-12-09 18:41:38,39.9237,44.045,40.93,81,75,4.61,broken clouds
570,Muzaffarabad,PK,2022-12-09 18:41:39,34.37,73.4711,50.23,72,100,5.79,overcast clouds
571,Vilcun,CL,2022-12-09 18:41:39,-38.65,-72.2333,66.94,45,75,9.33,light rain
572,Saint Austell,GB,2022-12-09 18:41:40,50.3383,-4.7658,36.16,80,20,8.05,few clouds
573,Gainesville,US,2022-12-09 18:38:40,29.6516,-82.3248,78.64,56,0,8.05,clear sky
574,Beian,NO,2022-12-09 18:41:40,63.6559,9.5683,25.02,74,0,8.05,clear sky
575,San Joaquin,US,2022-12-09 18:41:41,37.9333,-121.3011,56.53,82,40,6.91,haze
576,Australind,AU,2022-12-09 18:41:41,-33.2667,115.7167,51.89,88,3,6.33,clear sky
577,Korla,CN,2022-12-09 18:39:14,41.7597,86.1469,22.82,57,60,2.51,broken clouds
578,Santa Catalina,PH,2022-12-09 18:41:42,9.3337,122.8637,76.98,93,100,3.04,overcast clouds
579,Vao,NC,2022-12-09 18:41:42,-22.6667,167.4833,78.15,81,0,9.89,clear sky
580,Brandfort,ZA,2022-12-09 18:41:43,-28.7001,26.4597,65.61,75,21,6.11,light rain
581,Kampong Chhnang,KH,2022-12-09 18:41:43,12.1667,104.55,74.3,87,100,3.56,overcast clouds
582,Matara,LK,2022-12-09 18:41:44,5.9485,80.5353,75.96,90,100,8.14,moderate rain
583,Camalu,MX,2022-12-09 18:41:44,30.85,-116.0667,60.1,51,0,7.76,clear sky
584,Saint-Augustin,CA,2022-12-09 18:41:45,51.226,-58.6502,34.29,96,100,6.04,overcast clouds
585,Moroni,KM,2022-12-09 18:41:45,-11.7022,43.2551,79.72,76,70,2.82,broken clouds
586,Tawau,MY,2022-12-09 18:41:46,4.2498,117.8871,75.33,94,79,3.44,broken clouds
587,Guasdualito,VE,2022-12-09 18:41:46,7.2424,-70.7324,87.76,62,40,3.44,scattered clouds
588,Dharchula,IN,2022-12-09 18:41:46,29.85,80.5333,52.63,25,0,8.03,clear sky
589,Khandyga,RU,2022-12-09 18:41:47,62.6667,135.6,-28.98,100,100,2.17,overcast clouds
590,Summerville,US,2022-12-09 18:41:47,33.0185,-80.1757,59.81,91,100,10.36,overcast clouds
591,Miandrivazo,MG,2022-12-09 18:41:48,-19.5167,45.4667,80.56,74,26,3.71,moderate rain
592,Mahenge,TZ,2022-12-09 18:41:48,-8.6833,36.7167,69.78,59,11,2.35,few clouds
593,Kokopo,PG,2022-12-09 18:41:48,-4.352,152.2633,77.02,85,100,2.86,overcast clouds
594,Necochea,AR,2022-12-09 18:41:49,-38.5473,-58.7368,72.75,47,5,15.19,light rain
